date,year,quarter,CPI (%/y),WPI (%/y),"PPI, Final Demand (%/y)",Unemployment rate (%),SFD (%/y),GSP quarterly components (%/y),State final demand (%/y),Household consumption (pp/y),Dwelling investment (pp/y),Business investment (pp/y),Government spending (pp/y),Population (%/y),Natural increase (pp/y),Net overseas migration (pp/y),Net interstate migration (pp/y),Mortgage rates (%),Savings rates (%),Cash rate (%),quarter_id
1949-09-01,1949,3,7.9,,,,,,,,,,,,,,,,,,1949Q3
1949-12-01,1949,4,10.5,,,,,,,,,,,,,,,,,,1949Q4
1950-03-01,1950,1,10.3,,,,,,,,,,,,,,,,,,1950Q1
1950-06-01,1950,2,10.0,,,,,,,,,,,,,,,,,,1950Q2
1950-09-01,1950,3,9.8,,,,,,,,,,,,,,,,,,1950Q3
1950-12-01,1950,4,9.5,,,,,,,,,,,,,,,,,,1950Q4
1951-03-01,1951,1,14.0,,,,,,,,,,,,,,,,,,1951Q1
1951-06-01,1951,2,15.9,,,,,,,,,,,,,,,,,,1951Q2
1951-09-01,1951,3,20.0,,,,,,,,,,,,,,,,,,1951Q3
1951-12-01,1951,4,26.1,,,,,,,,,,,,,,,,,,1951Q4
1952-03-01,1952,1,20.4,,,,,,,,,,,,,,,,,,1952Q1
1952-06-01,1952,2,21.6,,,,,,,,,,,,,,,,,,1952Q2
1952-09-01,1952,3,16.7,,,,,,,,,,,,,,,,,,1952Q3
1952-12-01,1952,4,8.6,,,,,,,,,,,,,,,,,,1952Q4
1953-03-01,1953,1,8.5,,,,,,,,,,,,,,,,,,1953Q1
1953-06-01,1953,2,4.8,,,,,,,,,,,,,,,,,,1953Q2
1953-09-01,1953,3,3.2,,,,,,,,,,,,,,,,,,1953Q3
1953-12-01,1953,4,3.2,,,,,,,,,,,,,,,,,,1953Q4
1954-03-01,1954,1,1.6,,,,,,,,,,,,,,,,,,1954Q1
1954-06-01,1954,2,0.0,,,,,,,,,,,,,,,,,,1954Q2
1954-09-01,1954,3,-1.5,,,,,,,,,,,,,,,,,,1954Q3
1954-12-01,1954,4,-1.5,,,,,,,,,,,,,,,,,,1954Q4
1955-03-01,1955,1,0.0,,,,,,,,,,,,,,,,,,1955Q1
1955-06-01,1955,2,1.5,,,,,,,,,,,,,,,,,,1955Q2
1955-09-01,1955,3,4.7,,,,,,,,,,,,,,,,,,1955Q3
1955-12-01,1955,4,6.3,,,,,,,,,,,,,,,,,,1955Q4
1956-03-01,1956,1,6.2,,,,,,,,,,,,,,,,,,1956Q1
1956-06-01,1956,2,9.1,,,,,,,,,,,,,,,,,,1956Q2
1956-09-01,1956,3,9.0,,,,,,,,,,,,,,,,,,1956Q3
1956-12-01,1956,4,7.4,,,,,,,,,,,,,,,,,,1956Q4
1957-03-01,1957,1,4.3,,,,,,,,,,,,,,,,,,1957Q1
1957-06-01,1957,2,1.4,,,,,,,,,,,,,,,,,,1957Q2
1957-09-01,1957,3,0.0,,,,,,,,,,,,,,,,,,1957Q3
1957-12-01,1957,4,0.0,,,,,,,,,,,,,,,,,,1957Q4
1958-03-01,1958,1,1.4,,,,,,,,,,,,,,,,,,1958Q1
1958-06-01,1958,2,0.0,,,,,,,,,,,,,,,,,,1958Q2
1958-09-01,1958,3,0.0,,,,,,,,,,,,,,,,,,1958Q3
1958-12-01,1958,4,2.7,,,,,,,,,,,,,,,,,,1958Q4
1959-03-01,1959,1,2.7,,,,,,,,,,,,,,,,,,1959Q1
1959-06-01,1959,2,2.7,,,,,,,,,,,,,,,,,,1959Q2
1959-09-01,1959,3,4.1,,,,,,,,,,,,,,,,,,1959Q3
1959-12-01,1959,4,1.3,,,,,,,,,,,,,,,,,,1959Q4
1960-03-01,1960,1,2.7,,,,,,,,,,,,,,,,,,1960Q1
1960-06-01,1960,2,5.3,,,,,,,,,,,,,,,,,,1960Q2
1960-09-01,1960,3,5.3,,,,,,,,,,,,,,,,,,1960Q3
1960-12-01,1960,4,5.3,,,,,,,,,,,,,,,,,,1960Q4
1961-03-01,1961,1,3.9,,,,,,,,,,,,,,,,,,1961Q1
1961-06-01,1961,2,2.5,,,,,,,,,,,,,,,,,,1961Q2
1961-09-01,1961,3,1.3,,,,,,,,,,,,,,,,,,1961Q3
1961-12-01,1961,4,1.3,,,,,,,,,,,,,,,,,,1961Q4
1962-03-01,1962,1,0.0,,,,,,,,,,,,,,,,,,1962Q1
1962-06-01,1962,2,-1.2,,,,,,,,,,,,,,,,,,1962Q2
1962-09-01,1962,3,-1.2,,,,,,,,,,,,,,,,,,1962Q3
1962-12-01,1962,4,-1.2,,,,,,,,,,,,,,,,,,1962Q4
1963-03-01,1963,1,0.0,,,,,,,,,,,,,,,,,,1963Q1
1963-06-01,1963,2,1.3,,,,,,,,,,,,,,,,,,1963Q2
1963-09-01,1963,3,1.3,,,,,,,,,,,,,,,,,,1963Q3
1963-12-01,1963,4,1.3,,,,,,,,,,,,,,,,,,1963Q4
1964-03-01,1964,1,1.3,,,,,,,,,,,,,,,,,,1964Q1
1964-06-01,1964,2,1.2,,,,,,,,,,,,,,,,,,1964Q2
1964-09-01,1964,3,1.2,,,,,,,,,,,,,,,,,,1964Q3
1964-12-01,1964,4,3.7,,,,,,,,,,,,,,,,,,1964Q4
1965-03-01,1965,1,4.9,,,,,,,,,,,,,,,,,,1965Q1
1965-06-01,1965,2,4.9,,,,,,,,,,,,,,,,,,1965Q2
1965-09-01,1965,3,4.9,,,,,,,,,,,,,,,,,,1965Q3
1965-12-01,1965,4,4.8,,,,,,,,,,,,,,,,,,1965Q4
1966-03-01,1966,1,3.5,,,,,,,,,,,,,,,,,,1966Q1
1966-06-01,1966,2,2.3,,,,,,,,,,,,,,,,,,1966Q2
1966-09-01,1966,3,3.5,,,,,,,,,,,,,,,,,,1966Q3
1966-12-01,1966,4,1.1,,,,,,,,,,,,,,,,,,1966Q4
1967-03-01,1967,1,2.3,,,,,,,,,,,,,,,,,,1967Q1
1967-06-01,1967,2,4.5,,,,,,,,,,,,,,,,,,1967Q2
1967-09-01,1967,3,4.5,,,,,,,,,,,,,,,,,,1967Q3
1967-12-01,1967,4,4.5,,,,,,,,,,,,,,,,,,1967Q4
1968-03-01,1968,1,3.3,,,,,,,,,,,,,,,,,,1968Q1
1968-06-01,1968,2,2.2,,,,,,,,,,,,,,,,,,1968Q2
1968-09-01,1968,3,1.1,,,,,,,,,,,,,,,,,,1968Q3
1968-12-01,1968,4,2.2,,,,,,,,,,,,,,,,,,1968Q4
1969-03-01,1969,1,2.2,,,,,,,,,,,,,,,,,,1969Q1
1969-06-01,1969,2,2.1,,,,,,,,,,,,,,,,,,1969Q2
1969-09-01,1969,3,3.2,,,,,,,,,,,,,,,,,,1969Q3
1969-12-01,1969,4,2.1,,,,,,,,,,,,,,,,,,1969Q4
1970-03-01,1970,1,3.2,,,,,,,,,,,,,,,,,,1970Q1
1970-06-01,1970,2,3.1,,,,,,,,,,,,,,,,,,1970Q2
1970-09-01,1970,3,2.1,,,,,,,,,,,,,,,,,,1970Q3
1970-12-01,1970,4,4.1,,,,,,,,,,,,,,,,,,1970Q4
1971-03-01,1971,1,4.1,,,,,,,,,,,,,,,,,,1971Q1
1971-06-01,1971,2,4.0,,,,,,,,,,,,,,,,,,1971Q2
1971-09-01,1971,3,6.1,,,,,,,,,,,,,,,,,,1971Q3
1971-12-01,1971,4,5.9,,,,,,,,,,,,,,,,,,1971Q4
1972-03-01,1972,1,5.9,,,,,,,,,,,,,,,,,,1972Q1
1972-06-01,1972,2,6.8,,,,,,,,,,,,,,,,,,1972Q2
1972-09-01,1972,3,5.7,,,,,,,,,,,,,,,,,,1972Q3
1972-12-01,1972,4,4.7,,,,,,,,,,,,,,,,,,1972Q4
1973-03-01,1973,1,6.5,,,,,,,,,,,,,,,,,,1973Q1
1973-06-01,1973,2,8.2,,,,,,,,,,,,,,,,,,1973Q2
1973-09-01,1973,3,10.8,,,,,,,,,,,,,,,,,,1973Q3
1973-12-01,1973,4,13.4,,,,,,,,,,,,,,,,,,1973Q4
1974-03-01,1974,1,13.0,,,,,,,,,,,,,,,,,,1974Q1
1974-06-01,1974,2,14.3,,,,,,,,,,,,,,,,,,1974Q2
1974-09-01,1974,3,16.3,,,,,,,,,,,,,,,,,,1974Q3
1974-12-01,1974,4,15.7,,,,,,,,,,,,,,,,,,1974Q4
1975-03-01,1975,1,18.5,,,,,,,,,,,,,,,,,,1975Q1
1975-06-01,1975,2,16.9,,,,,,,,,,,,,,,,,,1975Q2
1975-09-01,1975,3,11.2,,,,,,,,,,,,,,,,,,1975Q3
1975-12-01,1975,4,15.0,,,,,,,,,,,,,,,,,,1975Q4
1976-03-01,1976,1,12.3,,,,,,,,,,,,,,,,,,1976Q1
1976-06-01,1976,2,11.9,,,,,,,,,,,,,,,,,,1976Q2
1976-09-01,1976,3,14.5,,,,,,,,,,,,,,,,,,1976Q3
1976-12-01,1976,4,14.2,,,,,,,,,,,,,,,,,,1976Q4
1977-03-01,1977,1,14.5,,,,,,,,,,,,,,,,,,1977Q1
1977-06-01,1977,2,14.6,,,,,,,,,,,,,,,,,,1977Q2
1977-09-01,1977,3,14.3,,,,,,,,,,,,,,,,,,1977Q3
1977-12-01,1977,4,9.8,,,,,,,,,,,,,,,,,,1977Q4
1978-03-01,1978,1,8.6,,,5.84225,,,,,,,,,,,,,,,1978Q1
1978-06-01,1978,2,7.8,,,5.552600000000001,,,,,,,,,,,,,,,1978Q2
1978-09-01,1978,3,7.7,,,5.550233333333334,,,,,,,,,,,,,,,1978Q3
1978-12-01,1978,4,7.5,,,5.5757,,,,,,,,,,,,,,,1978Q4
1979-03-01,1979,1,7.9,,,5.6001666666666665,,,,,,,,,,,,,,,1979Q1
1979-06-01,1979,2,8.2,,,5.464433333333333,,,,,,,,,,,,,,,1979Q2
1979-09-01,1979,3,9.4,,,5.8099,,,,,,,,,,,,,,,1979Q3
1979-12-01,1979,4,10.1,,,5.8597,,,,,,,,,,,,,,,1979Q4
1980-03-01,1980,1,9.9,,,5.6008,,,,,,,,,,,,,,,1980Q1
1980-06-01,1980,2,10.5,,,5.883566666666667,,,,,,,,,,,,,,,1980Q2
1980-09-01,1980,3,9.4,,,6.0048,,,,,,,,,,,,,,,1980Q3
1980-12-01,1980,4,9.2,,,6.0518,,,,,,,,,,,,,,,1980Q4
1981-03-01,1981,1,9.8,,,5.757066666666667,,,,,,,,,,,,,,,1981Q1
1981-06-01,1981,2,8.7,,,5.4583,,,,,,,,,,,,,,,1981Q2
1981-09-01,1981,3,9.3,,,5.7653,,,,,,,,,,,,,,,1981Q3
1981-12-01,1981,4,11.7,,,5.547333333333333,,,,,,,,,,,,,,,1981Q4
1982-03-01,1982,1,10.7,,,5.8967,,,,,,,,,,,,,,,1982Q1
1982-06-01,1982,2,10.8,,,6.2525,,,,,,,,1.1643,0.7689,0.7891,-0.3656,,,,1982Q2
1982-09-01,1982,3,11.9,,,6.6021,,,,,,,,1.1472,0.7278,0.7346,-0.2874,,,,1982Q3
1982-12-01,1982,4,10.1,,,7.800499999999999,,,,,,,,1.116,0.7354,0.629,-0.2207,,,,1982Q4
1983-03-01,1983,1,11.0,,,8.448966666666665,,,,,,,,1.116,0.7228,0.5855,-0.1648,,,,1983Q1
1983-06-01,1983,2,11.7,,,9.438033333333331,,,,,,,,1.0727,0.7358,0.4927,-0.1286,,,,1983Q2
1983-09-01,1983,3,9.5,,,9.4747,,,,,,,,1.0606,0.7722,0.4291,-0.1128,,,,1983Q3
1983-12-01,1983,4,9.8,,,8.686,,,,,,,,1.042,0.7617,0.4063,-0.0976,,,,1983Q4
1984-03-01,1984,1,7.0,,,8.4388,,,,,,,,1.0175,0.7707,0.3472,-0.0714,,,,1984Q1
1984-06-01,1984,2,4.2,,,7.875133333333333,,,,,,,,1.0107,0.7581,0.365,-0.0828,,,,1984Q2
1984-09-01,1984,3,4.5,,,7.450566666666667,,,,,,,,1.0225,0.7362,0.3984,-0.0834,,,,1984Q3
1984-12-01,1984,4,2.4,,,7.142399999999999,,,,,,,,1.0641,0.739,0.4367,-0.0839,,,,1984Q4
1985-03-01,1985,1,4.3,,,7.3396,,,,,,,,1.0706,0.7349,0.4996,-0.1371,,,,1985Q1
1985-06-01,1985,2,7.0,,,7.067399999999999,,,,,,,,1.069,0.7425,0.4945,-0.1423,,,,1985Q2
1985-09-01,1985,3,7.5,,,6.665333333333333,,,,,,,,1.0583,0.7339,0.5288,-0.1786,,,,1985Q3
1985-12-01,1985,4,8.2,,,6.5658,,,,,,,,1.044,0.7368,0.5842,-0.2511,,,,1985Q4
1986-03-01,1986,1,9.6,,,6.5316,,,,,,,,1.0052,0.7096,0.5993,-0.2779,,,,1986Q1
1986-06-01,1986,2,8.4,,,6.271066666666666,,,,,,,,0.99,0.7062,0.6413,-0.3204,,,,1986Q2
1986-09-01,1986,3,8.9,,,7.004433333333334,2.8931,,2.8931,2.3367,-1.6844,-0.2793,2.4197,1.0205,0.7281,0.6595,-0.3303,,,,1986Q3
1986-12-01,1986,4,10.2,,,6.890233333333334,2.556,,2.556,1.3148,-0.9639,0.6174,0.5069,1.0487,0.7243,0.682,-0.3211,,,,1986Q4
1987-03-01,1987,1,9.3,,,6.6687,1.1749,,1.1749,2.2443,-0.6434,0.0452,-1.0092,1.1168,0.737,0.7475,-0.3314,,,,1987Q1
1987-06-01,1987,2,9.3,,,6.2133,1.7426,,1.7426,0.4657,0.2023,1.2074,-1.5845,1.1838,0.7344,0.7892,-0.315,,,,1987Q2
1987-09-01,1987,3,8.4,,,6.028833333333334,2.3537,,2.3537,1.1281,0.1081,0.704,-0.4495,1.2408,0.73,0.8534,-0.3183,,,,1987Q3
1987-12-01,1987,4,7.1,,,6.1412,3.4048,,3.4048,1.4722,0.4288,0.2408,1.4616,1.2214,0.716,0.8605,-0.3314,,,,1987Q4
1988-03-01,1988,1,6.7,,,6.125133333333333,4.6279,,4.6279,1.2782,0.6806,1.3697,0.1,1.2525,0.7199,0.9076,-0.3518,,,,1988Q1
1988-06-01,1988,2,7.1,,,6.419499999999999,2.8124,,2.8124,1.5222,0.9941,0.6006,-0.3935,1.246,0.7265,0.8848,-0.3426,,,,1988Q2
1988-09-01,1988,3,6.7,,,5.668466666666666,4.363,,4.363,2.2499,1.7941,0.7085,-0.0994,1.3417,0.7273,0.9477,-0.3108,,,,1988Q3
1988-12-01,1988,4,6.8,,,5.370166666666666,5.4579,,5.4579,2.8147,1.3297,1.4421,-1.1786,1.4252,0.7416,0.9867,-0.281,,,,1988Q4
1989-03-01,1989,1,6.7,,,5.474933333333333,8.4541,,8.4541,3.2219,0.9879,1.4595,1.8295,1.4116,0.752,0.9687,-0.2871,,,,1989Q1
1989-06-01,1989,2,7.4,,,4.889,8.3051,,8.3051,3.0356,0.9347,1.3113,2.0023,1.3512,0.7416,0.9247,-0.2933,,,,1989Q2
1989-09-01,1989,3,8.3,,,4.706266666666667,6.0308,,6.0308,2.0923,-0.931,1.066,2.0427,1.242,0.7354,0.8296,-0.2983,,,,1989Q3
1989-12-01,1989,4,8.3,,,4.6391333333333336,3.5077,,3.5077,1.4953,-1.5166,0.3893,2.0783,1.2322,0.7362,0.7929,-0.2693,,,,1989Q4
1990-03-01,1990,1,8.6,,,4.836766666666667,0.0731,,0.0731,1.1733,-1.8349,-0.1931,0.448,1.2661,0.7512,0.7678,-0.2223,,,16.666666666666668,1990Q1
1990-06-01,1990,2,7.8,,,5.153333333333333,-1.9659,,-1.9659,0.8053,-2.0384,-1.2703,1.3633,1.3524,0.7799,0.7873,-0.1812,,,15.0,1990Q2
1990-09-01,1990,3,6.4,,,6.634766666666667,-2.125,,-2.125,-0.0281,-0.7788,-0.498,-0.2322,1.3302,0.8088,0.737,-0.1802,,,14.333333333333334,1990Q3
1990-12-01,1990,4,7.5,,,7.7653,-6.0741,,-6.0741,-1.2612,-0.5427,-1.701,-0.6942,1.207,0.8276,0.6247,-0.2082,,,12.666666666666666,1990Q4
1991-03-01,1991,1,5.3,,,8.755033333333332,-7.28,,-7.28,-1.5189,-1.2324,-1.974,-0.7454,1.1195,0.8141,0.602,-0.2577,,,12.0,1991Q1
1991-06-01,1991,2,4.0,,,10.294533333333334,-6.3176,,-6.3176,-0.8974,-1.4001,-1.6695,-0.8518,0.9542,0.7982,0.537,-0.3392,,,10.833333333333334,1991Q2
1991-09-01,1991,3,3.9,,,10.3395,-4.4971,,-4.4971,-0.0669,-1.0865,-1.9186,0.5566,0.8705,0.7836,0.5298,-0.3907,,,10.166666666666666,1991Q3
1991-12-01,1991,4,1.7,,,10.6968,-0.4224,,-0.4224,1.4822,-1.0081,-0.8507,0.5718,0.7811,0.7749,0.4881,-0.4194,,,8.833333333333334,1991Q4
1992-03-01,1992,1,2.2,,,11.148833333333334,1.2463,,1.2463,1.82,0.3717,-0.2646,-0.1151,0.719,0.7733,0.4505,-0.4322,,,7.5,1992Q1
1992-06-01,1992,2,1.3,,,11.558766666666664,3.3252,,3.3252,1.7031,1.1543,0.3969,0.2228,0.6751,0.7583,0.4154,-0.4169,,,6.833333333333333,1992Q2
1992-09-01,1992,3,0.3,,,11.4895,1.6003,,1.6003,1.6845,0.709,-0.1001,-0.5127,0.574,0.7634,0.3531,-0.4605,,,5.75,1992Q3
1992-12-01,1992,4,-0.2,,,11.687,4.9498,,4.9498,1.6586,1.0824,1.9927,-1.1344,0.5217,0.7625,0.3154,-0.4737,,,5.75,1992Q4
1993-03-01,1993,1,1.1,,,11.5593,1.9233,,1.9233,0.9417,1.0754,0.395,-0.6304,0.4077,0.753,0.2504,-0.5128,,,5.583333333333333,1993Q1
1993-06-01,1993,2,1.8,,,12.0176,2.4382,,2.4382,1.5621,-0.2254,1.125,-1.5876,0.282,0.7568,0.179,-0.5705,,,5.25,1993Q2
1993-09-01,1993,3,2.3,,,12.357866666666666,2.1863,,2.1863,0.8674,0.9817,1.3977,-2.1685,0.2235,0.745,0.1768,-0.6143,,,4.75,1993Q3
1993-12-01,1993,4,2.5,,,12.2669,0.4346,,0.4346,0.917,1.5308,-0.4632,-0.5528,0.1911,0.7406,0.1794,-0.6442,,,4.75,1993Q4
1994-03-01,1994,1,1.5,,,11.983333333333334,3.5919,,3.5919,1.057,1.378,1.0237,-0.1214,0.1735,0.74,0.1806,-0.6615,,,4.75,1994Q1
1994-06-01,1994,2,1.8,,,10.926366666666668,1.2723,,1.2723,0.4248,1.391,-0.0134,-0.1205,0.2291,0.73,0.2397,-0.6542,,,4.75,1994Q2
1994-09-01,1994,3,1.6,,,10.4454,6.3297,,6.3297,2.4597,1.0707,0.681,2.261,0.3266,0.7123,0.2908,-0.5894,,,5.25,1994Q3
1994-12-01,1994,4,2.1,,,9.8113,4.5441,,4.5441,2.4562,0.5182,0.2828,1.4141,0.3687,0.7116,0.2985,-0.5541,,,6.833333333333333,1994Q4
1995-03-01,1995,1,3.5,,,9.384033333333331,5.4835,,5.4835,3.0158,-0.427,0.7653,1.4758,0.4536,0.7037,0.3422,-0.5047,,,7.5,1995Q1
1995-06-01,1995,2,3.6,,,8.739833333333332,4.7458,,4.7458,3.6519,-0.6235,0.6537,0.7916,0.5516,0.7008,0.4314,-0.4923,,,7.5,1995Q2
1995-09-01,1995,3,4.7,,,8.807266666666665,3.0826,,3.0826,1.9686,-0.9435,0.9035,0.1089,0.6029,0.6979,0.4497,-0.4557,,,7.5,1995Q3
1995-12-01,1995,4,4.7,,,8.743133333333333,2.6817,,2.6817,1.4035,-1.2782,1.1311,0.0127,0.7617,0.6735,0.5839,-0.4061,,,7.5,1995Q4
1996-03-01,1996,1,2.8,,,8.6718,3.4053,,3.4053,1.8881,-0.6933,1.5119,-0.6753,0.8079,0.6534,0.5796,-0.3351,,,7.5,1996Q1
1996-06-01,1996,2,2.6,,,8.429066666666666,6.0134,,6.0134,1.6161,0.3571,1.7423,1.5006,0.8299,0.6337,0.5712,-0.2846,,,7.5,1996Q2
1996-09-01,1996,3,1.8,,,8.844966666666666,1.5506,,1.5506,1.3078,-0.2834,0.8255,-1.086,0.8453,0.6265,0.5886,-0.2512,,,7.0,1996Q3
1996-12-01,1996,4,1.2,,,9.2549,4.6468,,4.6468,2.3199,0.0159,1.4782,-0.1026,0.787,0.6361,0.5187,-0.2209,,,6.5,1996Q4
1997-03-01,1997,1,1.5,,,8.889233333333332,5.8051,,5.8051,2.2174,0.88,1.4049,0.7744,0.8345,0.6304,0.5443,-0.1648,,,6.0,1997Q1
1997-06-01,1997,2,0.6,,,9.003466666666666,6.8224,,6.8224,2.7324,1.3168,3.6358,-3.3261,0.7566,0.632,0.4648,-0.1366,,,5.666666666666667,1997Q2
1997-09-01,1997,3,-0.1,,,8.795566666666666,8.0162,,8.0162,4.0592,2.3329,0.8302,1.3017,0.7414,0.6194,0.4154,-0.0908,,,5.0,1997Q3
1997-12-01,1997,4,0.0,,,8.040266666666666,7.1896,,7.1896,3.6902,2.935,0.6421,0.6387,0.7303,0.6117,0.3782,-0.058,,,5.0,1997Q4
1998-03-01,1998,1,-0.3,,,8.047533333333334,4.4027,,4.4027,2.9259,2.8424,0.1162,-0.3668,0.7779,0.6087,0.4096,-0.0403,,,5.0,1998Q1
1998-06-01,1998,2,0.4,,,7.979933333333332,3.273,,3.273,2.9927,1.7328,-1.8523,2.5626,0.8245,0.6067,0.4227,-0.0059,,,5.0,1998Q2
1998-09-01,1998,3,0.7,3.3,,7.764266666666667,7.0682,,7.0682,3.7499,0.4364,1.311,0.921,0.8548,0.6081,0.4472,-0.0035,,,5.0,1998Q3
1998-12-01,1998,4,0.9,3.1,,7.465666666666666,7.4025,,7.4025,3.7375,0.8165,0.8055,1.9846,0.9417,0.593,0.5135,0.0304,,,4.916666666666667,1998Q4
1999-03-01,1999,1,1.0,2.9,,7.185100000000001,7.6751,,7.6751,4.7283,-0.4219,0.5661,2.3147,0.9624,0.597,0.5192,0.0392,,,4.75,1999Q1
1999-06-01,1999,2,0.9,3.0,,7.261833333333333,7.9917,,7.9917,4.2658,0.64,0.711,2.6603,0.9875,0.5877,0.5359,0.0549,,,4.75,1999Q2
1999-09-01,1999,3,1.9,2.9,0.3,7.0200000000000005,5.5031,,5.5031,3.417,1.0596,0.3342,0.9157,1.0465,0.6039,0.5519,0.0789,,,4.75,1999Q3
1999-12-01,1999,4,2.0,3.0,1.7,6.579000000000001,5.181,,5.181,3.3713,0.3434,0.7779,0.364,1.042,0.6066,0.5367,0.0839,,,4.916666666666667,1999Q4
2000-03-01,2000,1,3.2,3.0,3.4,6.670933333333333,5.9497,,5.9497,2.1978,3.1504,0.7792,0.8506,1.0852,0.5958,0.5661,0.1052,,,5.333333333333333,2000Q1
2000-06-01,2000,2,3.4,3.1,4.9,6.361766666666667,5.2296,,5.2296,2.1593,2.7191,0.5113,0.4498,1.1092,0.5963,0.58,0.1122,,,5.916666666666667,2000Q2
2000-09-01,2000,3,6.2,3.1,4.6,5.939900000000001,3.8623,,3.8623,1.3623,0.4276,1.2557,0.662,1.1319,0.5779,0.604,0.1234,,,6.166666666666667,2000Q3
2000-12-01,2000,4,6.0,3.3,5.3,5.792166666666667,0.3349,,0.3349,1.5405,-0.6154,-0.5679,0.4716,1.1389,0.5719,0.6299,0.1052,,,6.25,2000Q4
2001-03-01,2001,1,6.0,3.3,3.7,5.983866666666667,1.0228,,1.0228,2.1871,-2.4607,0.2942,-0.1072,1.2387,0.5602,0.7264,0.1145,,,5.833333333333333,2001Q1
2001-06-01,2001,2,5.9,3.6,3.5,6.335633333333334,0.4818,,0.4818,2.1469,-2.2935,-0.2606,0.4411,1.2659,0.562,0.7512,0.1098,,,5.0,2001Q2
2001-09-01,2001,3,2.6,3.8,2.7,6.469333333333334,2.5097,,2.5097,2.1199,0.7112,-0.6414,0.9929,1.2211,0.577,0.6432,0.1051,,,4.916666666666667,2001Q3
2001-12-01,2001,4,3.0,3.4,1.7,6.854466666666667,6.1568,,6.1568,1.7996,1.7746,0.9763,1.7621,1.2547,0.5735,0.6249,0.1079,,,4.416666666666667,2001Q4
2002-03-01,2002,1,2.9,3.3,2.0,6.2992,5.0621,,5.0621,1.9568,2.0085,0.5076,1.1471,1.1615,0.5824,0.475,0.1034,,,4.25,2002Q1
2002-06-01,2002,2,2.9,3.4,0.6,5.9143,7.5296,,7.5296,2.4716,2.3325,1.514,1.171,1.1369,0.5832,0.4251,0.0758,,,4.5,2002Q2
2002-09-01,2002,3,3.2,3.7,1.3,5.8950000000000005,7.6889,,7.6889,3.3568,1.4089,1.8559,0.6844,1.1376,0.565,0.474,0.044,,,4.75,2002Q3
2002-12-01,2002,4,3.2,3.8,1.3,5.778766666666667,6.5072,,6.5072,2.7106,1.6625,1.6599,0.3681,1.1442,0.5707,0.4933,0.0239,,,4.75,2002Q4
2003-03-01,2003,1,3.5,3.7,1.9,5.420833333333333,6.1341,,6.1341,2.4168,0.8056,1.4079,1.154,1.1494,0.566,0.5282,-0.0028,,,4.75,2003Q1
2003-06-01,2003,2,3.0,3.3,1.3,5.838433333333334,2.6879,,2.6879,1.462,-0.9144,0.7775,0.8127,1.1631,0.5634,0.5558,-0.0154,,,4.75,2003Q2
2003-09-01,2003,3,2.8,3.1,1.5,5.4999,3.1754,,3.1754,1.4855,0.0446,0.3382,1.1026,1.1892,0.5703,0.5743,-0.0151,,,4.75,2003Q3
2003-12-01,2003,4,2.3,3.3,1.0,5.4622,4.037,,4.037,2.7258,-0.2066,0.492,0.5498,1.1383,0.5755,0.5484,-0.0458,,,5.0,2003Q4
2004-03-01,2004,1,1.9,3.2,0.9,5.4319,5.8772,,5.8772,3.5951,0.4466,0.6419,1.0678,1.1072,0.5834,0.5267,-0.0638,,5.033333333333333,5.25,2004Q1
2004-06-01,2004,2,2.1,3.3,2.4,5.310766666666667,5.4259,,5.4259,3.0664,0.6935,0.6079,0.9749,1.0944,0.5817,0.5134,-0.0626,6.59,5.05,5.25,2004Q2
2004-09-01,2004,3,1.7,3.4,3.2,5.685633333333333,4.6279,,4.6279,3.5363,-0.1453,0.6532,0.3086,1.1361,0.5926,0.5484,-0.0665,6.59,5.05,5.25,2004Q3
2004-12-01,2004,4,2.2,3.8,4.3,5.628033333333334,4.9693,,4.9693,3.2005,-0.603,1.3821,0.2684,1.1626,0.5866,0.5675,-0.0527,6.59,5.116666666666667,5.25,2004Q4
2005-03-01,2005,1,2.0,4.2,3.6,5.4065,1.8926,,1.8926,1.5883,-1.4361,1.042,-0.0519,1.2255,0.5869,0.6415,-0.0636,6.666666666666667,5.266666666666667,5.333333333333333,2005Q1
2005-06-01,2005,2,2.1,4.2,3.4,5.3154,6.0168,,6.0168,2.8448,0.1473,1.7728,0.8098,1.2603,0.607,0.6554,-0.0623,6.793333333333334,5.400000000000001,5.5,2005Q2
2005-09-01,2005,3,2.9,4.0,3.4,5.2718,5.1083,,5.1083,1.7915,-0.2594,1.811,1.2464,1.2721,0.6036,0.6747,-0.0694,6.6933333333333325,5.400000000000001,5.5,2005Q3
2005-12-01,2005,4,2.7,3.9,3.0,5.3207,4.2452,,4.2452,0.802,-0.1588,1.5048,1.8449,1.3325,0.6161,0.7224,-0.072,6.72,5.400000000000001,5.5,2005Q4
2006-03-01,2006,1,2.8,3.7,3.8,5.2302,4.0271,,4.0271,1.7058,-0.3043,1.1674,1.3144,1.4034,0.6228,0.7592,-0.0475,6.666666666666667,5.400000000000001,5.5,2006Q1
2006-06-01,2006,2,3.9,3.9,4.5,5.075566666666667,1.5409,,1.5409,1.9184,-0.8996,0.6796,-0.4826,1.4435,0.6155,0.7929,-0.0367,6.846666666666667,5.566666666666666,5.666666666666667,2006Q2
2006-09-01,2006,3,3.5,3.5,4.0,4.722066666666667,3.5552,,3.5552,1.8923,-0.5405,0.6049,1.3965,1.5451,0.6409,0.8881,-0.02,7.136666666666667,5.7,5.916666666666667,2006Q3
2006-12-01,2006,4,2.8,3.5,3.5,4.899933333333333,1.7957,,1.7957,2.7498,-0.4452,-0.6278,0.3295,1.6078,0.6521,0.9671,-0.0122,7.373333333333332,5.833333333333333,6.166666666666667,2006Q4
2007-03-01,2007,1,2.2,3.7,2.8,4.868366666666667,4.1713,,4.1713,3.2274,0.2708,0.4045,0.2468,1.7009,0.6711,1.0925,-0.0291,7.47,5.849999999999999,6.25,2007Q1
2007-06-01,2007,2,2.0,3.5,2.3,4.686366666666667,2.9929,,2.9929,2.2051,0.2436,0.2619,0.5475,1.8228,0.6874,1.2356,-0.0319,7.47,5.966666666666666,6.25,2007Q2
2007-09-01,2007,3,2.1,3.7,2.4,4.4309,2.9176,,2.9176,2.4568,0.7022,0.9427,-0.9658,1.8672,0.6867,1.2825,-0.0307,7.636666666666667,6.366666666666667,6.416666666666667,2007Q3
2007-12-01,2007,4,3.2,3.9,2.8,4.733766666666667,5.0353,,5.0353,2.8637,0.5403,1.3671,0.3301,1.8718,0.6935,1.3024,-0.0501,7.886666666666667,6.583333333333333,6.666666666666667,2007Q4
2008-03-01,2008,1,4.4,3.8,4.8,4.312433333333334,4.949,,4.949,2.1431,0.69,1.2286,1.0428,1.9269,0.6893,1.3509,-0.0367,8.376666666666667,6.8,7.0,2008Q1
2008-06-01,2008,2,4.4,4.1,4.7,4.556666666666667,5.0218,,5.0218,1.2243,0.5473,0.88,2.4329,1.9958,0.6853,1.4274,-0.0373,8.833333333333334,7.083333333333333,7.25,2008Q2
2008-09-01,2008,3,4.9,4.2,5.6,4.3928666666666665,1.965,,1.965,0.5071,-0.3422,0.0768,1.5655,2.0862,0.678,1.5222,-0.0316,8.893333333333333,7.216666666666666,7.166666666666667,2008Q3
2008-12-01,2008,4,3.1,4.3,6.3,4.543933333333333,1.3794,,1.3794,-0.3537,0.3608,0.0293,1.1146,2.1883,0.6772,1.6006,-0.0043,6.996666666666667,5.433333333333334,5.166666666666667,2008Q4
2009-03-01,2009,1,2.1,4.0,4.0,5.418500000000001,-0.933,,-0.933,-0.8186,-0.0139,-0.7032,0.368,2.1913,0.6608,1.6083,0.0101,5.52,3.6,3.583333333333333,2009Q1
2009-06-01,2009,2,1.2,3.5,2.2,5.9774,1.2126,,1.2126,1.2664,-0.0917,-0.0458,-0.3049,2.1985,0.6695,1.5908,0.029,5.126666666666666,3.1166666666666667,3.0,2009Q2
2009-09-01,2009,3,0.5,3.0,0.3,5.814233333333333,2.1683,,2.1683,1.7061,0.8591,-0.9797,0.7928,2.1247,0.6741,1.5102,0.0341,5.14,3.1666666666666665,3.0,2009Q3
2009-12-01,2009,4,1.8,2.7,-1.5,5.3731,4.0768,,4.0768,1.8929,0.0708,0.2841,1.7693,1.9943,0.6853,1.3567,0.0488,5.676666666666667,3.466666666666667,3.5,2009Q4
2010-03-01,2010,1,2.8,2.7,-0.2,5.3428,5.2409,,5.2409,2.3915,0.7389,0.3604,2.0331,1.8232,0.703,1.1677,0.0519,6.083333333333333,4.0,3.8333333333333335,2010Q1
2010-06-01,2010,2,3.1,2.7,0.9,5.479633333333333,5.2491,,5.2491,2.2367,1.2788,-0.1624,2.4346,1.6599,0.7011,0.9992,0.0617,6.666666666666667,4.266666666666667,4.416666666666667,2010Q2
2010-09-01,2010,3,3.1,3.5,2.2,5.3521,5.6195,,5.6195,2.8933,0.7494,0.2537,2.0102,1.4788,0.6932,0.8326,0.0598,6.75,4.35,4.5,2010Q3
2010-12-01,2010,4,3.1,3.6,2.7,5.178033333333333,2.9029,,2.9029,2.7937,0.8342,-0.6043,0.3716,1.4109,0.6674,0.7974,0.0578,7.016666666666667,4.583333333333333,4.666666666666667,2010Q4
2011-03-01,2011,1,3.5,3.9,2.9,4.794066666666667,2.8811,,2.8811,2.8506,0.2166,-0.3749,0.4522,1.3812,0.6515,0.7836,0.0625,7.123333333333334,4.866666666666667,4.75,2011Q1
2011-06-01,2011,2,3.5,4.1,3.4,4.863033333333333,1.3076,,1.3076,2.5114,-0.1871,-0.3536,-0.4817,1.4048,0.644,0.8173,0.0647,7.07,5.016666666666667,4.75,2011Q2
2011-09-01,2011,3,3.6,3.5,2.7,5.2228666666666665,1.2729,,1.2729,1.7757,0.135,0.0689,-0.5391,1.5688,0.65,0.8698,0.0676,7.033333333333334,5.3500000000000005,4.75,2011Q3
2011-12-01,2011,4,3.1,3.6,2.9,5.3284666666666665,1.9219,,1.9219,1.7628,-0.1657,-1.7228,2.3929,1.7488,0.6659,0.9291,0.0706,6.786666666666666,5.216666666666667,4.5,2011Q4
2012-03-01,2012,1,1.4,3.4,1.4,5.455433333333333,2.2134,,2.2134,2.3692,-0.0927,0.1873,-0.1586,1.9016,0.6826,0.9741,0.06,6.669999999999999,5.083333333333333,4.25,2012Q1
2012-06-01,2012,2,1.2,3.5,1.1,5.459333333333333,1.5585,,1.5585,1.4736,-0.3361,0.2502,0.192,2.0455,0.7015,1.0144,0.0436,6.403333333333333,5.1000000000000005,3.8333333333333335,2012Q2
2012-09-01,2012,3,1.8,3.5,1.1,5.551866666666666,2.4199,,2.4199,1.2651,-0.4579,0.3623,1.1989,2.0802,0.6972,1.0521,0.0448,6.103333333333333,4.983333333333333,3.5,2012Q3
2012-12-01,2012,4,2.1,3.5,1.0,5.5167,-0.3589,,-0.3589,0.7524,0.4465,-2.7085,1.4483,2.1061,0.7111,1.0507,0.0581,5.803333333333334,4.666666666666667,3.1666666666666665,2012Q4
2013-03-01,2013,1,2.5,3.2,1.6,5.760566666666667,0.968,,0.968,0.1542,-0.1588,-0.3293,1.3064,2.1254,0.7084,1.0534,0.0777,5.653333333333333,4.5,3.0,2013Q1
2013-06-01,2013,2,2.2,3.0,1.2,5.8053,1.0964,2.4049,1.0964,0.4727,0.1782,-0.5227,1.0055,2.1514,0.707,1.0446,0.1136,5.446666666666666,4.366666666666666,2.833333333333333,2013Q2
2013-09-01,2013,3,2.4,2.9,1.9,5.786233333333333,0.5727,1.4421,0.5727,1.1383,0.2119,-0.5009,-0.2334,2.1843,0.7121,1.0477,0.1389,5.176666666666667,4.183333333333334,2.583333333333333,2013Q3
2013-12-01,2013,4,2.7,2.5,1.9,6.2016,2.764,1.9243,2.764,1.8329,-0.2364,4.0168,-3.2809,2.1543,0.694,1.0246,0.1506,5.086666666666667,4.033333333333333,2.5,2013Q4
2014-03-01,2014,1,2.8,2.7,2.5,6.3947666666666665,1.1348,1.5046,1.1348,1.6955,0.5481,-0.1977,-0.806,2.1688,0.6914,1.03,0.1631,5.08,3.9166666666666665,2.5,2014Q1
2014-06-01,2014,2,3.2,2.8,2.3,6.427433333333333,2.214,1.7302,2.214,1.892,0.357,0.3894,-0.375,2.1177,0.6794,0.9858,0.1687,5.08,3.8166666666666655,2.5,2014Q2
2014-09-01,2014,3,2.0,2.7,1.2,6.829066666666667,1.8245,2.255,1.8245,1.77,0.0411,0.3187,-0.3026,2.1139,0.672,0.9931,0.1618,5.08,3.766666666666667,2.5,2014Q3
2014-12-01,2014,4,1.4,2.8,1.1,6.7257,3.4245,3.0301,3.4245,1.6516,0.6359,0.6929,0.4709,2.1419,0.6748,1.0012,0.1756,5.08,3.583333333333333,2.5,2014Q4
2015-03-01,2015,1,1.0,2.6,0.7,6.226400000000001,4.4688,3.9183,4.4688,1.8479,0.8556,0.9462,0.8333,2.1415,0.6621,1.0039,0.1821,4.906666666666667,3.216666666666667,2.333333333333333,2015Q1
2015-06-01,2015,2,1.1,2.6,1.1,6.041333333333334,4.1297,4.5529,4.1297,1.7534,0.7584,0.8666,0.7434,2.1613,0.647,1.0296,0.1879,4.7,2.9,2.083333333333333,2015Q2
2015-09-01,2015,3,1.4,2.6,1.7,6.209700000000001,5.1421,5.338,5.1421,2.0626,1.2974,0.8442,1.023,2.1993,0.6416,1.0454,0.2031,4.663333333333333,2.733333333333333,2.0,2015Q3
2015-12-01,2015,4,1.9,2.4,1.9,5.966833333333334,4.7236,5.1608,4.7236,2.1333,1.0175,0.7485,0.8959,2.2751,0.6415,1.0775,0.2341,4.773333333333333,2.6666666666666665,2.0,2015Q4
2016-03-01,2016,1,1.7,2.4,1.2,5.928433333333333,3.8193,5.0313,3.8193,2.0989,0.6302,-0.0383,1.2136,2.3923,0.6517,1.1489,0.2576,4.83,2.65,2.0,2016Q1
2016-06-01,2016,2,1.4,2.1,1.0,5.673100000000001,4.4821,4.9932,4.4821,2.0387,1.4287,-1.2944,2.5693,2.5048,0.6663,1.1991,0.2929,4.67,2.466666666666667,1.8333333333333333,2016Q2
2016-09-01,2016,3,1.4,2.0,0.5,5.742933333333333,3.6117,4.7886,3.6117,1.7283,0.5094,-0.4444,1.9076,2.4481,0.6644,1.2973,0.2874,4.52,2.15,1.5833333333333333,2016Q3
2016-12-01,2016,4,1.5,1.9,0.7,5.997199999999999,3.8057,4.6023,3.8057,1.6781,0.4619,0.0222,1.7357,2.3425,0.6484,1.3607,0.2807,4.51,2.033333333333333,1.5,2016Q4
2017-03-01,2017,1,2.5,2.0,1.3,5.973,4.5585,4.5295,4.5585,1.7874,0.8077,-0.2089,2.369,2.2795,0.6395,1.4646,0.268,4.516666666666667,1.9666666666666668,1.5,2017Q1
2017-06-01,2017,2,2.2,2.0,1.7,6.0062,4.3788,4.5572,4.3788,1.9084,0.1771,1.699,0.655,2.0968,0.6317,1.4781,0.2227,4.516666666666667,1.9166666666666667,1.5,2017Q2
2017-09-01,2017,3,2.2,2.2,1.6,6.0955,5.0565,4.5934,5.0565,1.965,0.1875,1.3124,1.6874,2.0571,0.6116,1.471,0.2099,4.47,1.8666666666666665,1.5,2017Q3
2017-12-01,2017,4,2.2,2.4,1.7,5.8092,4.319,4.3792,4.319,2.2543,-0.276,0.0301,2.3328,1.9633,0.6206,1.3973,0.1806,4.483333333333333,1.9166666666666667,1.5,2017Q4
2018-03-01,2018,1,2.2,2.3,1.7,5.471766666666666,5.3681,4.3117,5.3681,2.1192,0.0196,1.7705,1.3483,1.9118,0.616,1.3745,0.1557,4.51,2.05,1.5,2018Q1
2018-06-01,2018,2,2.5,2.5,1.5,5.268233333333334,5.4021,3.906,5.4021,2.2335,0.33,1.0637,1.6765,1.9108,0.6208,1.3799,0.1444,4.51,2.05,1.5,2018Q2
2018-09-01,2018,3,2.2,2.5,2.1,4.789,4.6745,3.594,4.6745,1.9286,0.6602,0.5729,1.4652,1.9178,0.624,1.3891,0.1384,4.546666666666667,2.05,1.5,2018Q3
2018-12-01,2018,4,2.0,2.7,2.0,4.441233333333334,4.7249,3.9895,4.7249,1.5481,0.7543,1.7572,0.6919,1.9107,0.6098,1.4082,0.1258,4.65,2.15,1.5,2018Q4
2019-03-01,2019,1,1.2,2.7,1.9,4.655033333333333,2.3287,3.8901,2.3287,1.2565,-0.5368,0.7011,0.9673,1.8774,0.5989,1.3923,0.1184,4.68,2.15,1.5,2019Q1
2019-06-01,2019,2,1.3,2.9,2.0,4.7405333333333335,1.8493,3.9504,1.8493,0.9004,-0.9224,0.1117,1.8743,1.779,0.579,1.3308,0.1009,4.6066666666666665,2.0666666666666664,1.4166666666666667,2019Q2
2019-09-01,2019,3,1.7,2.8,1.6,4.871266666666667,2.0035,4.0716,2.0035,0.5268,-0.5393,0.4873,1.7437,1.7494,0.5681,1.3297,0.0801,4.25,1.7333333333333334,1.0,2019Q3
2019-12-01,2019,4,2.0,2.7,1.4,4.747366666666667,1.4804,3.644,1.4804,0.44,-0.2193,-0.3463,1.7222,1.7031,0.5547,1.3128,0.0611,4.15,1.6000000000000003,0.75,2019Q4
2020-03-01,2020,1,2.7,2.5,1.3,5.242733333333334,1.5179,3.6465,1.5179,-0.5493,0.2776,-0.5086,2.1391,1.5021,0.5354,1.1653,0.0237,4.07,1.45,0.5833333333333334,2020Q1
2020-06-01,2020,2,0.3,1.7,-0.4,6.6972,-7.5934,1.3202,-7.5934,-8.7675,-0.1566,-0.4539,1.1944,1.1892,0.5222,0.9269,-0.0406,3.81,1.0666666666666669,0.25,2020Q2
2020-09-01,2020,3,0.7,1.2,-0.4,6.9314,-8.033,-1.7472,-8.033,-9.3551,-0.5043,-1.5237,2.2561,0.3584,0.5114,0.2132,-0.1495,3.65,0.9,0.25,2020Q3
2020-12-01,2020,4,1.3,1.3,-0.1,6.935133333333333,-1.0825,-3.0098,-1.0825,-4.1432,-0.4386,-0.4329,2.5234,-0.3468,0.5017,-0.3098,-0.3249,3.65,0.6166666666666667,0.15,2020Q4
2021-03-01,2021,1,0.8,1.5,0.2,5.9953666666666665,1.4479,-4.0681,1.4479,-1.5574,0.0179,-0.3085,1.9568,-0.927,0.5187,-0.7814,-0.4532,3.65,0.4166666666666667,0.1,2021Q1
2021-06-01,2021,2,2.9,1.8,2.2,4.887366666666667,12.1183,-0.8431,12.1183,6.9085,0.8645,0.7161,2.5452,-1.0162,0.5334,-0.8021,-0.5385,3.59,0.3833333333333333,0.1,2021Q2
2021-09-01,2021,3,2.9,2.5,2.9,4.487566666666667,10.0498,3.3819,10.0498,4.7183,1.2457,1.8455,1.8401,-0.7331,0.5471,-0.5671,-0.5557,3.5,0.3333333333333333,0.1,2021Q3
2021-12-01,2021,4,2.5,2.3,3.7,4.848400000000001,6.1292,5.2736,6.1292,2.5576,0.7168,0.7971,2.1547,-0.1855,0.5487,-0.0816,-0.5471,3.4500000000000006,0.25,0.1,2021Q4
2022-03-01,2022,1,4.5,2.3,4.9,4.1119666666666665,6.5818,6.5149,6.5818,2.9314,0.5835,1.0279,2.4982,0.5534,0.5089,0.6116,-0.5145,3.4500000000000006,0.25,0.1,2022Q1
2022-06-01,2022,2,6.1,2.5,5.6,3.7622,5.9409,5.8059,5.9409,4.3075,-0.2104,0.7801,1.724,1.0295,0.483,1.0185,-0.472,3.7833333333333337,0.4833333333333333,0.4333333333333333,2022Q2
2022-09-01,2022,3,7.4,3.1,6.4,3.5357,7.6726,4.8605,7.6726,7.7832,-0.7683,0.64,0.7449,1.7511,0.4473,1.677,-0.3732,5.2,1.7666666666666666,1.8500000000000003,2022Q3
2022-12-01,2022,4,8.0,3.4,5.8,3.621533333333333,3.9842,4.162,3.9842,4.6323,-0.6911,0.8376,0.0157,2.2179,0.4305,2.0439,-0.2566,5.88,2.983333333333333,2.85,2022Q4
2023-03-01,2023,1,6.8,3.5,4.9,3.838266666666667,2.0401,4.0265,2.0401,2.6173,-1.0419,1.5073,-0.3561,2.5134,0.4302,2.2518,-0.1686,6.206666666666666,3.8333333333333335,3.35,2023Q1
2023-06-01,2023,2,5.6,3.6,3.9,3.770566666666667,1.9817,2.9657,1.9817,1.4011,-0.549,1.3669,0.2525,2.7503,0.4241,2.4171,-0.0909,6.78,4.45,3.85,2023Q2
2023-09-01,2023,3,4.9,3.7,3.8,3.5835666666666666,2.6463,2.5913,2.6463,0.7794,-0.1771,1.0684,1.15,2.8234,0.4417,2.4643,-0.0826,7.06,4.7,4.1,2023Q3
2023-12-01,2023,4,3.8,3.7,4.1,3.980466666666667,1.8633,2.6003,1.8633,0.1081,-0.2268,1.147,0.8199,2.6965,0.4445,2.3231,-0.0711,7.226666666666667,4.833333333333333,4.266666666666667,2023Q4
2024-03-01,2024,1,3.6,3.6,4.3,3.971666666666666,1.4894,1.9348,1.4894,0.1641,0.0993,0.2387,0.9024,2.5348,0.4418,2.1545,-0.0615,7.31,4.9,4.35,2024Q1
2024-06-01,2024,2,3.7,3.3,4.8,4.408033333333333,1.4268,2.0788,1.4268,-0.1077,0.263,0.2482,0.9523,2.2606,0.4436,1.8794,-0.0624,7.12,4.866666666666666,4.35,2024Q2
2024-09-01,2024,3,3.0,3.2,3.9,4.473833333333333,1.3878,1.6343,1.3878,0.0032,0.1571,0.3732,0.8542,2.0041,0.474,1.5876,-0.0576,7.086666666666667,4.85,4.35,2024Q3
2024-12-01,2024,4,2.5,3.2,3.7,4.378333333333333,2.4225,1.5266,2.4225,0.3378,0.3629,0.4259,1.2965,1.8396,0.4552,1.431,-0.0465,7.07,4.85,4.35,2024Q4
2025-03-01,2025,1,2.3,3.3,3.7,4.544433333333333,1.8019,1.9711,1.8019,0.4481,0.3969,-0.0556,1.0125,1.7982,0.4868,1.3448,-0.0335,6.923333333333333,4.666666666666667,4.183333333333333,2025Q1
2025-06-01,2025,2,2.0,3.4,3.4,4.3819,1.6648,2.0133,1.6648,0.8969,0.3439,-0.1754,0.6001,,,,,6.406666666666666,4.416666666666667,3.9333333333333336,2025Q2
,2025,3,,,,4.472049999999999,,,,,,,,,,,,6.133333333333333,4.116666666666666,3.6833333333333336,2025Q3
,2025,4,,,,,,,,,,,,,,,,,,3.6,2025Q4
,2026,1,,,,,,,,,,,,,,,,,,,2026Q1
,2026,3,,,,,,,,,,,,,,,,,,,2026Q3
,2026,4,,,,,,,,,,,,,,,,,,,2026Q4
,2027,2,,,,,,,,,,,,,,,,,,,2027Q2
,2027,3,,,,,,,,,,,,,,,,,,,2027Q3
,2027,4,,,,,,,,,,,,,,,,,,,2027Q4
,2028,1,,,,,,,,,,,,,,,,,,,2028Q1
,2028,2,,,,,,,,,,,,,,,,,,,2028Q2
,2028,3,,,,,,,,,,,,,,,,,,,2028Q3
,2028,4,,,,,,,,,,,,,,,,,,,2028Q4
,2029,1,,,,,,,,,,,,,,,,,,,2029Q1
,2029,2,,,,,,,,,,,,,,,,,,,2029Q2
,2029,3,,,,,,,,,,,,,,,,,,,2029Q3
,2029,4,,,,,,,,,,,,,,,,,,,2029Q4
,2030,1,,,,,,,,,,,,,,,,,,,2030Q1
,2030,2,,,,,,,,,,,,,,,,,,,2030Q2
,2030,3,,,,,,,,,,,,,,,,,,,2030Q3
,2030,4,,,,,,,,,,,,,,,,,,,2030Q4
,2031,1,,,,,,,,,,,,,,,,,,,2031Q1
,2031,2,,,,,,,,,,,,,,,,,,,2031Q2
,2031,3,,,,,,,,,,,,,,,,,,,2031Q3
,2031,4,,,,,,,,,,,,,,,,,,,2031Q4
,2032,1,,,,,,,,,,,,,,,,,,,2032Q1
,2032,2,,,,,,,,,,,,,,,,,,,2032Q2
,2032,3,,,,,,,,,,,,,,,,,,,2032Q3
,2032,4,,,,,,,,,,,,,,,,,,,2032Q4
,2033,1,,,,,,,,,,,,,,,,,,,2033Q1
,2033,2,,,,,,,,,,,,,,,,,,,2033Q2
,2033,3,,,,,,,,,,,,,,,,,,,2033Q3
,2033,4,,,,,,,,,,,,,,,,,,,2033Q4
,2034,1,,,,,,,,,,,,,,,,,,,2034Q1
,2034,2,,,,,,,,,,,,,,,,,,,2034Q2
,2034,3,,,,,,,,,,,,,,,,,,,2034Q3
,2034,4,,,,,,,,,,,,,,,,,,,2034Q4
,2035,1,,,,,,,,,,,,,,,,,,,2035Q1
,2035,2,,,,,,,,,,,,,,,,,,,2035Q2
,2035,3,,,,,,,,,,,,,,,,,,,2035Q3
