suburb,postcode,2022_Q1,2022_Q2,2022_Q3,2022_Q4,2023_Q1,2023_Q2,2023_Q3,2023_Q4,2024_Q1,2024_Q2,2024_Q3,2024_Q4,2025_Q1,2025_Q2,2025_Q3,2025_Q4
Abbotsford,3067,,20220627142552.0,,,,,,,20240302162104.0,,,,20250304102144.0,,,
Acheron,3714,,,,,,,,,,20240622224755.0,,,,,,
Airport West,3042,,,,,,,,,,20240623085045.0,,,,,,
Albert Park,3206,,20220630101618.0,,,,,,,,,,,20250317152502.0,20250729215205.0,,
Alfredton,3350,,20220521145158.0,,,,,,,,20240721220014.0,,,,20250625042552.0,,
Allendale,3364,,,,,,,,,,,,,20250319134234.0,,,
Alma,3465,,,,,,,,,,,,,,,20250812100734.0,
Alphington,3078,,,,,,,,,,,,20250113124311.0,,,,
Altona,3018,,,,,,,,,,,,,20250322235621.0,20250613130829.0,20250903191010.0,
Altona North,3025,,20220630041757.0,,,,,,,,,,,,,,
Alvie,3249,,,,,,,,,20240221211014.0,,,,,,,
Apollo Bay,3233,,,,,,,,,,,,20241204095723.0,,,,
Arapiles,3409,,,,,,,,,,,,,,20250716015935.0,,
Ararat,3377,,20220522085626.0,,,,,,,,,,,20250216054904.0,,,
Arcadia,3631,,,,,,,,,20240224233253.0,,,,,,,
Arcadia South,3631,,,,,,,,,20240221052038.0,,,,,,,
Ardeer,3022,,,,,,,,,,,,20250115131419.0,,,,
Armadale,3143,,,20220809174926.0,,,,,,,,20240807004305.0,,20250307003351.0,20250717103901.0,,
Ascot,3551,,,,,,,,,,,,,,20250620215946.0,,
Ashburton,3147,,20220629224827.0,,,,,,,,,,,,,,
Ashwood,3147,,,,,,,,,,,,,,,,
Aspendale,3195,,20220627105607.0,,,,,,,,,,,,,20250819192105.0,
Aspendale Gardens,3195,,,,,,,,,,,,,,,20250822100710.0,
Avenel,3664,,,,,,,,,20240303024937.0,,,,,,,
Avondale Heights,3034,,,,,,,,,,,,,,20250519223559.0,,
Bacchus Marsh,3340,,,20220814120341.0,,,,,,,,,,,,,
Baddaginnie,3670,,,,,,,,,20240221214302.0,,,,,,,
Bairnsdale,3875,,,,,,,,,,,,,20250417205315.0,,,
Bakery Hill,3350,,,,,,,,,,,,,20250207112005.0,,,
Balaclava,3183,,20220517003546.0,,,,,,,,,,,20250418063249.0,,,
Ballan,3342,,20220519141803.0,,,,,,,,,,,,,,
Ballarat Central,3350,,,,,,,,,20240302155446.0,,20240818072035.0,,,,,
Ballarat East,3350,,,,,,,,,,20240617013628.0,,,,20250621054833.0,,
Ballarat North,3350,,20220704211943.0,,,,,,,,,,,,,,
Balliang,3340,,,,,,,,,20240302170816.0,,,,,,20250803160828.0,
Balmoral,3407,,,,,,,,,,,,20250124132828.0,,,,
Balwyn,3103,,20220630093959.0,,,,,,,,,20240806035036.0,,,20250710194638.0,,
Balwyn North,3104,,20220525020129.0,,,,,,,20240306195348.0,,,,20250429185521.0,,,
Bamawm,3561,,,,,,,,,20240224232236.0,,,,,,,
Bamganie,3333,,,,,,,,,,20240722182332.0,,,,,,
Bangholme,3175,,,,,,,,,,20240530224939.0,,,,,20250813233257.0,
Bannockburn,3331,,,,,,,,,,,,20250120184545.0,,,,
Barwon Heads,3227,,20220701203821.0,,,,,,,,,,,,,,
Baxter,3911,,,,,,,,,20240415214724.0,,,,20250323140131.0,,,
Bayles,3981,,,,,,,,,,20240530192646.0,,,,,,
Bayswater,3153,,20220630135656.0,,,,,,,,,,,,20250514083355.0,,
Beaconsfield,3807,,,,,,,,,,,,,20250418093626.0,,,
Beaufort,3373,,,,,,,,20231207192548.0,,,20240918172018.0,,,,,
Beaumaris,3193,,,,,,,,,,,20241015225336.0,,,,20250812100356.0,
Bell Park,3215,,20220702081428.0,,,,,,,,,,,,,,
Bell Post Hill,3215,,,,,,,,,,,,,20250306023929.0,20250505154842.0,,
Bellfield,3081,,,,,,,,,,20240719224504.0,,,,,,
Bellfield,3381,,,,,,,,,,,,,20250322152228.0,,,
Belmont,3216,,,,,,,,,,,20240905191226.0,,,,,
Bena,3946,,,,,,,,,,,20240813150144.0,,,,,
Benalla,3672,,20220525110609.0,,,20230327043706.0,,,,,20240611092734.0,,,20250201120002.0,,,
Bendigo,3550,,20220516053959.0,,,,,,,,,,,20250217052052.0,,,
Bendoc,3888,,,,,,,,,,,,,,20250717160129.0,,
Bentleigh,3204,,,,,,,,,,,,,20250307003411.0,,,
Beremboke,3342,,,,,,,,,,,,,20250424105924.0,,,
Berrybank,3323,,,,,,,,,,,,,,20250716051531.0,,
Berwick,3806,,20220522203525.0,,,,,,,,,,,,,,
Bet Bet,3472,,,,,,,,,,,,,,20250516115922.0,,
Bethanga,3691,,,20220816223008.0,,,,,,,,,,,20250612164304.0,,
Beveridge,3753,,,,,,,,,20240425075530.0,,,,20250212234751.0,,,
Binginwarri,3966,,,,,,,,,,,,20241111072013.0,,,,
Bittern,3918,,,,,,,,,,20240522044658.0,,,,,20250806183426.0,
Black Hill,3350,,,,,,,,,,20240623151655.0,,,,20250717194335.0,,
Black Rock,3193,,,,,,,,,,,20240805010754.0,,,,20250909103336.0,
Blackburn,3130,,20220625073534.0,,,,,,,,,,,20250215163041.0,,,
Blackburn South,3130,,,,,,,,,,,,,20250208104444.0,,,
Blairgowrie,3942,,,,,,,,,,,,,20250212200817.0,,,
Blampied,3364,,,,,,,,,,,,,20250319130927.0,,,
Bobinawarrah,3678,,,,,,,,,,,,,,20250621054242.0,,
Boisdale,3860,,,,,,,,,20240226111356.0,,,,,,,
Bonang,3888,,,,,,,,,,,,,,20250513013221.0,,
Bonbeach,3196,,,,,,,,,,20240623221849.0,,,,,20250813233911.0,
Bonshaw,3352,,,,,,,,,,,,,,,,
Bookaar,3260,,,,,,,,,,,,20250125094347.0,,,,
Boolarra South,3870,,,,,,,,,,,,,20250427140846.0,,,
Boole Poole,3880,,,,,,,,,,,,,20250428033305.0,,,
Boorcan,3265,,,,,,,,,,,20241009025037.0,,,20250624124836.0,,
Bornes Hill,3379,,,,,,,,,,,,,20250212005928.0,,,
Boronia,3155,,20220706110211.0,,,,,,,,,20240917095403.0,,,,20250812032258.0,
Bostocks Creek,3260,,,,,,,,,,,20240805000807.0,,,,,
Botanic Ridge,3977,,,,,,,,,,20240620194337.0,,,,20250516150903.0,,
Bowenvale,3465,,,,,,,,,,,,,,20250711060413.0,,
Bowser,3678,,,,,,,,,,,,,,20250517163518.0,,
Box Hill,3128,,,,,,,,,,,,20250121131509.0,20250424033623.0,,,
Box Hill North,3129,,20220625041236.0,,,,,,,,,,,20250214235259.0,,,
Box Hill South,3128,,,,,,,,,,20240716030640.0,,,,20250619080800.0,,
Braeside,3195,,,,,,,,,,20240617002649.0,,,,,20250822120320.0,
Brandy Creek,3821,,,,,,,,,,,20240808041855.0,,,,,
Braybrook,3019,,,,,,,,,,,,,,,,
Briar Hill,3088,,,20220809173652.0,,,,,,,,,,,,,
Bright,3741,,,,,,,,,,,,20250126052653.0,,,,
Brighton,3186,,,,,,,,,20240301052425.0,,,,20250220123826.0,,,
Brimboal,3312,,,,,,,,,,,,,20250429153705.0,,,
Brimpaen,3401,,,,,,,,,,,,,20250327061318.0,,,
Broadford,3658,,,,,,,,,,,20240911075107.0,,,20250715052147.0,,
Broadmeadows,3047,,,20220807164815.0,,,,,,,,,20250114003830.0,20250413172636.0,,,
Brookfield,3338,,,,,,,,,,,20240812104405.0,,,,,
Brown Hill,3350,,20220520233152.0,,,,,,,,20240522234926.0,,,,20250512092455.0,,
Brunswick,3056,,20220522203458.0,,,,,,,,,,,,,20250828030213.0,
Brunswick East,3057,,20220522054028.0,,,20230323040704.0,,,,,,,,20250201114122.0,20250517093622.0,,
Brunswick North,3056,,,,,,,,,,,,,,20250709061142.0,,
Brunswick West,3055,,,,,,,,,,,,,,,20250817020713.0,
Buckland,3740,,,,,,,,,,,,,,20250522171900.0,,
Buffalo,3958,,,,,,,,,,,,,20250207123150.0,20250522155555.0,,
Bullaharre,3266,,,,,,,,,,,20240917184534.0,,,,,
Bulleen,3105,,,,,,,,,,,,,,,,
Bullioh,3700,,,,,,,,,,,,,,20250622154910.0,,
Bundoora,3083,,20220519122944.0,,,,,,,,,,,,,20250905031906.0,
Bunyip,3815,,,,,,,,,,20240724060535.0,,,20250422062909.0,,,
Burnley,3121,,20220519213404.0,,,,,,,20240422030434.0,,,,20250419210246.0,20250523044739.0,,
Burramboot,3559,,,,,,,,,,,,,,20250703130031.0,,
Burwood,3125,,,,,,,,20231211003234.0,,,,,20250322064910.0,20250515165153.0,,
Burwood East,3151,,20220625225910.0,,,,,,,,,,20241208062700.0,,,,
Byaduk North,3300,,,,,,,,,,,,,,,20250820203708.0,
Byawatha,3678,,,,,,,,,,,20240920001458.0,,,,,
Cairnlea,3023,,,,,,,,,,,20240812102355.0,,,20250616072523.0,20250807100249.0,
California Gully,3556,,20220524195012.0,,,,,,,,,,,,,,
Camberwell,3124,,,,,,,,,20240424065552.0,,,,20250218171428.0,,,
Camberwell East,3126,,,,,,,,,,20240622054728.0,,,,20250713081829.0,,
Cambrian Hill,3352,,,,,,,,,,20240525172148.0,,,20250422094139.0,,,
Campbellfield,3061,,20220628155357.0,,,,,,,,,,20241217075822.0,20250325031347.0,,20250807171131.0,
Campbelltown,3364,,,,,,,,,,,,,20250327062958.0,,,
Camperdown,3260,,,,,,,,,,,,,,,,
Caniambo,3630,,,,,,,,,,,20240909174111.0,,,,,
Cannons Creek,3977,,,,,,,,,,,20240803200956.0,,,,,
Carboor,3678,,,,,,,,,,,,,,20250621054419.0,,
Carlton,3053,,,,,,,,,,,,20241206144308.0,,20250725082202.0,20250806112656.0,
Carlton North,3054,,20220527132123.0,,,,,,,,,,,,,20250804213706.0,
Carnegie,3163,,,,,,,,,,20240725164139.0,,20241118141706.0,20250201121242.0,20250517095703.0,,
Caroline Springs,3023,,20220522175458.0,,,,,,,,,,20241101194720.0,,,,
Carpendeit,3260,,,,,,,,,,,,,20250423024149.0,,,
Carrum Downs,3201,,,,,,,,,,,,20241208042357.0,,,,
Carwarp,3494,,,,,,,,,,,,,,20250621054248.0,,
Castle Creek,3691,,,,,,,,,,,20240803193420.0,,,,,
Castlemaine,3450,,,,,,,,,,20240622185956.0,,,,20250613170031.0,,
Caulfield,3162,,,,,,,,,,,,,,20250702125211.0,,
Caulfield East,3145,,,,,,,,,,20240724092021.0,,,,,20250815033635.0,
Caulfield North,3161,,,,,,,,,,,,20250118041619.0,20250328150902.0,,,
Caulfield South,3162,,,,,,,,,,,20241012055546.0,,,,,
Cavendish,3314,,,,,,,,,,,,20250119093743.0,,,,
Chadstone,3148,,,,,,,,,,,,,,20250521172402.0,,
Chelsea,3196,,,,,,,,,,,,,20250418121736.0,,,
Chelsea Heights,3196,,,,,,,,,20240412232248.0,,,,,20250709153202.0,,
Cheltenham,3192,,20220519130209.0,,,,,,,,,20241015134033.0,20250121035713.0,20250304102016.0,,,
Churchill,3842,,,,,,,,,20240221025706.0,,,,,,,
Clarkefield,3430,,,,,,,,,,20240622155339.0,,,,20250619163556.0,,
Clayton,3168,,,20220816002542.0,,,,,,20240412233011.0,,,,20250208172445.0,20250506070518.0,,
Clayton South,3169,,20220702012142.0,,,,,,,,,,20241114034932.0,,,,
Clear Lake,3409,,,,,,,,,,,,,20250316093057.0,,,
Clifton Hill,3068,,,,,,,,,,,,20250117175809.0,20250220121047.0,,,
Clover Flat,3315,,,,,,,,,,,,20241202180118.0,,,,
Clyde North,3978,,20220626011920.0,,,,,,,,,,,20250212225708.0,20250703131012.0,,
Cobden,3266,,,,,,,,,,,20240809131046.0,,,,20250815131637.0,
Cobram,3644,,,,,,,,,,20240518220755.0,,,,20250523073327.0,,
Cobrico,3266,,,,,,,,,,,20240910065559.0,,,,,
Coburg,3058,,,20220815070306.0,,,,,,,,,,,,20250818013201.0,
Coburg North,3058,,,,,,,,,,20240617232614.0,,,20250429031816.0,20250719000312.0,,
Cockatoo,3781,,20220627154526.0,,,,,,,,,,,,,,
Colac,3250,,,20220816072319.0,,,,,,,,,,,,,
Colac East,3250,,,,,,,,,,,,,20250211235838.0,,,
Colignan,3494,,,,,,,,,20240222173321.0,,,,20250421014939.0,,,
Collingwood,3066,,20220703152248.0,,,,,,,,,,,,20250620002503.0,,
Collingwood North,3066,,,,,,,,,,20240714010536.0,,,,,,
Coongulla,3860,,,,,,,,,20240222163755.0,,,,,,,
Cooriemungle,3268,,,,,,,,,,,,20241114120727.0,,,,
Corinella,3984,,,,,,,,,,20240521042100.0,,,,,20250808053703.0,
Coronet Bay,3984,,,,,,,,,,,,,,20250616165506.0,,
Cowes,3922,,,,,,,,,,,20240813114648.0,,,,,
Craigie,3465,,,,,,,,,,,,,,20250715044041.0,,
Craigieburn,3064,,20220524155159.0,,,,,,,,,,,,,,
Cranbourne,3977,,20220702140822.0,,,,,,,,,20240812164655.0,,,20250621205627.0,,
Cranbourne South,3977,,,,,,,,,,20240528072254.0,,,,20250715080119.0,,
Cranbourne West,3977,,20220626021222.0,,,,,,,20240222043039.0,,,,,20250515095414.0,,
Cremorne,3121,,20220526205646.0,,,,,,,20240222075924.0,,,,20250321013346.0,20250502231349.0,,
Crowlands,3377,,,,,,,,,,,,,,20250513193803.0,,
Croydon,3136,,,,,,,,,,20240616143629.0,,,,20250523232216.0,,
Croydon North,3136,,,,,,,,,,,20240910133238.0,,,,20250813002723.0,
Cudgee,3265,,,,,,,,,,,,20250125121224.0,,,,
Daisy Hill,3465,,,,,,,,,,,20241014072000.0,,,,,
Dandenong,3175,,,,,,,,,,,20241009073252.0,20241215230345.0,20250306003441.0,,,
Dandenong North,3175,,20220705001052.0,,,,,,,20240303021256.0,,,,,20250623190343.0,,
Dandenong South,3175,,20220628220730.0,,,,,,,,20240620001119.0,,,,20250718114053.0,,
Darley,3340,,20220702205526.0,,,,,,,,,,,,,,
Darlington,3271,,,,,,,,,,,,,20250206185401.0,,,
Daylesford,3460,,20220703050148.0,,,,20230524131426.0,,,,,,,,,,
Deddick Valley,3888,,,,,,,,,,,,,,20250710171924.0,,
Dederang,3691,,,,,,,,,,,,,,20250710114602.0,,
Deer Park,3023,,,20220814034103.0,,,,,,,20240612183737.0,,20241218192224.0,,20250714033551.0,,
Delacombe,3356,,,20220818083326.0,,,,,,20240301152329.0,,,,,20250519091048.0,,
Delahey,3037,,,,,,,,,,,,20241202181743.0,,,,
Dennington,3280,,,,,,,,,,,,20250124223433.0,,,,
Derrinallum,3325,,,,,,,,,,,,,20250321044853.0,,,
Diamond Creek,3089,,20220523121914.0,,,,,,,,,,,,20250523092309.0,,
Diggers Rest,3427,,20220520043154.0,,,,,,,,,,,,,,
Dimboola,3414,,,,,,,,,,,,20250116185200.0,,,,
Dingley Village,3172,,,,,,,,,,,,20241219090417.0,,,,
Dockers Plains,3678,,,,,,,,,,,,,,20250709102958.0,,
Docklands,3008,,,,,,,,,20240424195122.0,,,,,20250622001833.0,,
Dollar,3871,,,,,,,,,,,,,,20250512083134.0,,
Doncaster,3108,,,,,,,,,,,,,20250318210247.0,,,
Doncaster East,3109,,20220516113816.0,,,,,,,,,20240907170743.0,,,20250613165622.0,,
Donvale,3111,,20220522151045.0,,,,,,,,,,,,,,
Doreen,3754,,,,,,,,,,,,,20250201115709.0,,20250901012218.0,
Doveton,3177,,20220528172328.0,,,,,,,,,,,,,,
Drouin East,3818,,,,,,,,,,,,,20250419053141.0,,,
Drysdale,3222,,,,,,,,,,,20240804104922.0,,,,,
Duchembegarra,3409,,,,,,,,,,20240524143002.0,,,,,20250804105409.0,
Dumbalk,3956,,,,,,,,,,,,,20250321081016.0,,,
Dunach,3371,,,,,,,,,,,,,,20250513005019.0,,
Dunkeld,3294,,,,,,,,,,,,,20250212173725.0,,,
Eagle Point,3878,,,,,,,,,,,,,20250427171153.0,,,
Earlston,3669,,,,,,,,,20240226112910.0,,,,20250208172810.0,,,
East Bendigo,3550,,20220527130139.0,,,,,,,,,,,,,,
East Melbourne,3002,,20220630101734.0,,,,,,,,,20241009042558.0,,20250419121556.0,,,
Echuca,3564,,,20220819170434.0,,,,,,,,,,,,,
Echuca Village,3564,,,,,,,,,,,,,20250320183101.0,,,
Ecklin South,3265,,,,,,,,,,20240617015747.0,,,,,,
Edi,3678,,,,,,,,,,,,,,20250514114017.0,,
Edi Upper,3678,,,,,,,,,,,,,,20250711053411.0,,
Edithvale,3196,,,,,,,,,20240302074801.0,,,,,20250622130438.0,20250821041435.0,
Elingamite North,3266,,,,,,,,,,,20240815183103.0,,,,,
Elsternwick,3185,,20220516052743.0,,,,,,,,,,,,20250616103518.0,20250908224003.0,
Eltham,3095,,20220522104524.0,,,,,,,,,,,,,,
Elwood,3184,,20220703152649.0,,,,,,,,,,,,20250724053752.0,20250909234819.0,
Emerald,3782,,,,,,,,,20240224224624.0,,,,20250328161519.0,,,
Endeavour Hills,3802,,,,,,,,,,,,20250125104419.0,,,,
Epping,3076,,20220522180049.0,,,,,,,,,,,20250211184230.0,,,
Essendon,3040,,20220624220057.0,,,,,,,20240424150405.0,,,20250115222926.0,20250324223540.0,,,
Eumemmerring,3177,,20220625112030.0,,,,,,,,,,20250116154714.0,,,,
Eynesbury,3338,,,,,,,,,,,,,20250326180837.0,,,
Fairfield,3078,,,,,,,,,,,20240812165250.0,,,20250711094557.0,,
Fawkner,3060,,,,,,,,,,,,,20250315215705.0,,,
Ferntree Gully,3156,,20220628183804.0,,,,,,,,,,,,20250520225443.0,,
Fitzroy,3065,,20220628183654.0,,,,,,,20240221150542.0,,,20241229013113.0,20250428154432.0,20250707010516.0,,
Flemington,3031,,,,,,,,,,,20240803132515.0,,,,,
Flinders,3929,,,,,,,,,,,,,20250216223147.0,,,
Flora Hill,3550,,20220629152415.0,,,,,,,,,,,,,,
Flowerdale,3717,,,,,,,,,,,,,,20250713023758.0,,
Footscray,3011,20220418045210.0,20220628205810.0,,,,,,,,,20240826020056.0,20241213211001.0,,,20250812130350.0,
Forest Hill,3131,,20220522205241.0,,,,,,20231203110317.0,,,,,20250315215223.0,,,
Foster,3960,,20220524155939.0,,,,,,,,,,,,,,
Frankston,3199,,,20220814130930.0,,,20230525031321.0,,,20240228164352.0,,,,20250327203247.0,,,
Frankston North,3200,,,,,,,,,,20240525115512.0,,,,20250612133551.0,,
Freeburgh,3741,,,,,,,,,,,,,,20250616104057.0,,
French Island,3921,,,,,,,,,,,,,,20250516180039.0,,
Gatum,3407,,,,,,,,,,,,20241213025010.0,,,,
Geelong,3220,,,20220816011437.0,,,,,,,,,,20250201115823.0,20250706041633.0,,
Geelong West,3218,,,,,,,,,,,,,20250327225312.0,20250706041634.0,,
Gerang Gerung,3418,,,,,,,,,,,,,,,20250814151721.0,
Germantown,3741,,,,,,,,,,,,,20250317174946.0,,,
Gisborne,3437,,,,,,,,,,,,,,,20250824155635.0,
Gisborne South,3437,,,,,,,,,,,20240803193450.0,,20250322190534.0,,,
Glen Alvie,3979,,,,,,,,,,20240525171204.0,,,20250215224533.0,,,
Glen Huntly,3163,,,,,,,,,20240226185252.0,,,20241203002535.0,,,,
Glen Iris,3146,,20220629221233.0,,,,,,,,,,,20250201115610.0,20250515080124.0,20250905203059.0,
Glen Waverley,3150,,,20220810111717.0,,,,,,20240423142235.0,,,,20250325091345.0,,,
Glenalbyn,3517,,,,,,,,,,,,,20250425213803.0,,,
Glendonald,3364,,,,,,,,,,,,,,20250522151801.0,,
Glenfyne,3266,,,,,,,,,,,20240812163754.0,,,,,
Glengarry,3854,,,,,,,,,,,,,,20250625055446.0,,
Glenormiston North,3265,,,,,,,,,,,,20250119105413.0,,,,
Glenormiston South,3265,,,,,,,,,,,,20250125022509.0,,,,
Glenroy,3046,,20220520193551.0,,,,,,,,,,,,,20250810032242.0,
Glenthompson,3293,,,,,,,,,,,,,20250417214241.0,,,
Goongerah,3888,,,,,,,,,,,,,,20250711221537.0,,
Grampians,3314,,,,,,,,,,,,20241213112711.0,,,,
Grass Flat,3409,,,,,,,,,,20240519015129.0,,,20250428192301.0,,,
Greensborough,3088,,20220628000031.0,,,,,,,,,,,,,,
Greenvale,3059,,,,,,,,,,,,20250116043634.0,,,,
Greta West,3675,20220129105029.0,,,,,,,,,,,,,,,
Gringegalgona,3315,,,,,,,,,,,,20250120234820.0,,,,
Gruyere,3770,,,,,,,,,20240227213202.0,,,,,,,
Gunbower,3566,,,,,,,,,,20240618034214.0,,,,,,
Hallora,3818,,,,,,,,,,,20241006132216.0,,,,,
Hamilton,3300,,20220519123636.0,,,,,,,,,,20250118011932.0,,,20250903104937.0,
Hampton,3188,,20220528125414.0,,,,,,,,,,,,,,
Hampton East,3188,,20220629225903.0,,,,,,,,,,20241208223405.0,,,,
Hampton Park,3976,,,,,,,,,,20240527215755.0,,,20250423175247.0,,,
Harrietville,3741,,,,,,,,,,,,,,,20250808040343.0,
Hartwell,3124,,,,,,,,,,,,,20250424174219.0,,,
Hastings,3915,,20220521231215.0,,,,,,,,,20240807060732.0,,,20250715051004.0,,
Hattah,3501,,,,,,,,,,,,,,20250713015040.0,,
Hawksburn,3142,,,,,,,,,,20240718232533.0,,,,,,
Hawthorn,3122,,20220627204304.0,,,,,,,20240420193844.0,,,20241126032913.0,20250325031818.0,20250713021918.0,,
Hawthorn East,3123,,20220516174736.0,,,,,,,,,,20250122065600.0,,,,
Healesville,3777,,,,,,,,20231209121705.0,,,,20250116222743.0,,,,
Heathcote,3523,,,,,,,,,,,,,20250215065015.0,,,
Heathmont,3135,,,,,,,,,,,20240917063602.0,,,,,
Heidelberg,3084,,,,,,,,,20240301051841.0,,,,20250419123423.0,,,
Heidelberg Heights,3081,,20220528040919.0,,,,,,,,,,,,,,
Heidelberg West,3081,,20220527020805.0,,,,,,,,,20240810191715.0,,,,20250811194815.0,
Hensley Park,3301,,,,,,,,,,,,,20250317173003.0,,,
Hepburn,3461,,,,,,,,,,,,20241112005152.0,,,20250830155342.0,
Highett,3190,,20220630005706.0,,,,,,,,,,20250126013820.0,,,,
Highton,3216,,20220529124710.0,,,,,,,,,,,,,,
Hillside,3037,,,,,,,,,,20240613103716.0,,,,20250516021954.0,,
Hoppers Crossing,3029,,,,,,,,,,,20241005024923.0,,20250201114630.0,,,
Horsham,3400,,,,,,,,,,,,20241224215310.0,20250201115321.0,,,
Hughesdale,3166,,,,,,,,,20240221025419.0,,,20241204213124.0,,,,
Hunterston,3971,,,,,,,,,20240226001452.0,,,,,,,
Huntingdale,3166,,,,,,,,,,20240527101943.0,,,,20250622130046.0,,
Hurstbridge,3099,,,,,,,,,,,,,,,20250830153319.0,
Indigo Valley,3688,,,,,,,,,20240301052657.0,,,,,,,
Iraak,3494,,,,,,,,,,,,20241204061750.0,,,,
Ironbark,3550,,,20220814035011.0,,,,,,,,,,,,,
Ivanhoe,3079,,,20220808134110.0,,,,,,20240413001547.0,,,,20250426190419.0,20250711063442.0,,
Jan Juc,3228,,20220525103649.0,,,,,,,,,,,,,,
Jancourt,3266,,,,,,,,,,,20240813145517.0,,,,,
Jancourt East,3266,,,,,,,,,20240228183215.0,,,,20250426172649.0,,,
Jarvis Creek,3700,,,,,,,,,,,,,,20250516151026.0,,
Jumbunna,3951,,,,,,,,,,,20240806211022.0,,,,,
Kallista,3791,,,,,,,,,,,,,,20250522171312.0,,
Kancoona,3691,,,,,,,,,,,,,20250428211352.0,,,
Kariah,3260,,,,,,,,,,,20240813152714.0,,,,,
Karramomus,3631,,,,,,,,,,20240522091538.0,,,,,,
Keilor Downs,3038,,20220630011816.0,,,,,,,,,,,,,,
Keilor East,3033,,,,,,,,,,,,,20250201115733.0,,,
Keilor Lodge,3038,,20220528104733.0,,,,,,,,,,,,,,
Keilor Park,3042,,,20220811123903.0,,,,,,,,,,,,,
Kennington,3550,,,,,,,,,,,20240808140100.0,,,,,
Kensington,3031,,,,,,,,,,20240617035623.0,,,20250318231948.0,,,
Kerang East,3579,,,,,,,,,,20240618015648.0,,,,,,
Kernot,3979,,,,,,,,,20240419151024.0,,,,,,,
Kew,3101,,20220516142027.0,,,,,,,,,,,,20250503084149.0,,
Kew East,3102,,,,,,,,,,20240718071758.0,,,,20250519043601.0,,
Keysborough,3173,,20220525140909.0,,,,,,,,,20240803170111.0,,,20250715081730.0,,
Kialla,3631,,,,,,,,,,20240625042744.0,,,,,20250813220747.0,
Kialla East,3631,,,,,,,,,,20240615040605.0,,,,,20250806113802.0,
Kilmore,3764,,,,,,,,,,,,,,20250521074808.0,,
Kilsyth,3137,,,,,,,,20231208104108.0,,,,,20250306023653.0,20250602115519.0,,
Kinglake,3763,,20220626181906.0,,,,,,,,,,,,,,
Kings Park,3021,,,,,,,,,,,,20250115133357.0,,,,
Kingsbury,3083,,,,,,,,,,,,,20250313234851.0,,,
Kingston,3364,,,,,,,,,,,,,20250319125039.0,,,
Kirkstall,3283,,,,,,,,,,,,20241202171215.0,,,,
Knoxfield,3180,,,,,,,,,,,,,20250325030948.0,,,
Kolora,3265,,,,,,,,,,,,,20250215193519.0,,,
Kongwak,3951,,,,,,,,,,20240714114016.0,,,,,,
Koonwarra,3954,,,,,,,,,,,,,,20250522124031.0,,
Kooroocheang,3364,,,,,,,,,,,,,20250212165235.0,,,
Kooyong,3144,,,,,,,,,,,20241014092740.0,,,,,
Krowera,3945,,,,,,,,,,,,,,,20250812062448.0,
Kurunjang,3337,,20220521191001.0,,,,,,,,,,,,,,
Kyneton,3444,,,,,,,,,,,,20250119132333.0,20250201114924.0,,,
Lake Gardens,3355,,20220522211429.0,,,,,,,,,20241004215047.0,,,,,
Lake Wendouree,3350,,,,,,,,,,,,,20250419025203.0,,,
Lakes Entrance,3909,,20220629214220.0,,,,,,,,,,,,,,
Lalor,3075,,20220702084710.0,,,,,,,,,,20250124034926.0,,,,
Lancefield,3435,,,,,,,,,,,,,,20250618205217.0,,
Landsborough,3384,,,,,,,,,,,,,,20250716062056.0,,
Langwarrin,3910,,,,,,,,,,20240615003809.0,,,,20250623120010.0,,
Langwarrin South,3911,,,,,,,,,,,,20250115130959.0,,,,
Lara,3212,,20220625082250.0,,,,,,,,,,,20250211033741.0,,,
Laverton,3028,,20220520120953.0,,,,,,,20240207120940.0,,,,,,,
Laverton North,3026,,20220703203017.0,,,,,,,,,,,,,,
Lawrence,3364,,,,,,,,,,,,,20250327064432.0,,,
Lemnos,3631,,,,,,,,,,20240524122854.0,,,20250424024646.0,,,
Leopold,3224,,20220629164919.0,,,,,,,,,,,,,,
Lethbridge,3332,,,,,,,,,,,,,,20250711050948.0,,
Lillico,3820,,,,,,,,,,,20240807164114.0,,,,,
Lilliput,3682,,,,,,,,,,,,,20250320014207.0,,,
Lilydale,3140,,20220525091437.0,,,,,,,,,,,20250216044108.0,20250602115422.0,,
Little Desert,3418,,,,,,,,,,,,,,20250522200435.0,,
Long Forest,3340,,,,,,,,,,20240717152902.0,,,,,,
Longford,3851,,,,,,,,,,,,,,20250516184713.0,,
Longwood,3665,,,,,,,,,20240301053857.0,,,,,,,
Lower Norton,3401,,,,,,,,,,,,,20250210070207.0,,,
Lysterfield South,3156,,,,,,,,,,,,,,,,
Macleod,3085,,20220625192825.0,,,,,,,,,,,,20250524092352.0,,
Maddingley,3340,,,,,,,,,,,20241008112200.0,,20250201115021.0,,,
Maiden Gully,3551,,,20220818162556.0,,,,,,,,20240909043034.0,,,,,
Maidstone,3012,,,,,,,,,20240416174351.0,,,,20250212080412.0,,,
Majorca,3465,,,,,,,,,,,,,,20250622155138.0,,
Maldon,3463,,,,,,,,,,,,,20250426082440.0,,,
Malvern,3144,,,,,,,,,20240413193539.0,,,,20250428100921.0,20250502193041.0,20250906161750.0,
Malvern East,3145,,,20220810081549.0,,,,,,,,,,,,,
Mannerim,3222,,,,,,,,,20240302143622.0,,,,,,,
Mansfield,3722,,20220625174946.0,,,,,,,,,,,,,,
Marcus Hill,3222,,,,,,,,,,20240520222241.0,,,,20250624050912.0,,
Mardan,3953,,,,,,,,,,,,,,20250522173452.0,,
Marengo,3233,,20220701194643.0,,,,,,,,,,,,,,
Maribyrnong,3032,,,,,,,,,,,,,20250328065308.0,,,
Marong,3515,,,,,,,,,,,,,20250321174145.0,,,
Marysville,3779,,,,,,,,,20240224225709.0,,,,,,,
Mckenzie Hill,3451,,,,,,,,,,20240518071828.0,,,,20250708031727.0,,
Mckinnon,3204,,,,,,,,,,,,20241213121247.0,,,,
Mcmillans,3568,,,,,,,,,,20240625061847.0,,,,,,
Meadow Creek,3678,,,,,,,,,,,,,20250417213136.0,,,
Meeniyan,3956,,,,,,,,,,,,,20250212001616.0,,,
Melbourne,3000,20220301231003.0,20220603104759.0,20220906005651.0,20221206164621.0,20230307021420.0,20230602091941.0,20230901131901.0,20231202191126.0,20240312033007.0,20240606234305.0,20240902044028.0,20241216012659.0,20250305195848.0,20250605104352.0,20250805143502.0,
Melbourne,3004,,,20220814221353.0,,,,,,20240423052712.0,,,20241215191904.0,20250325031239.0,20250628064527.0,,
Melton,3337,,,,,,,,,,,20240918080351.0,,,,20250808111147.0,
Melton South,3338,,20220519130457.0,,,,,,,,,,20241209082445.0,,,,
Melton West,3337,,20220626083935.0,,,,,,,,,,,,,,
Melville Forest,3315,,,,,,,,,,,,,20250316090721.0,,,
Mentone,3194,,20220630230809.0,,,,,,,,,,20241207090335.0,,,20250830134557.0,
Meredith,3333,,,,,,,,,,20240713175919.0,,,,,,
Mernda,3754,,,,,,,,,,,,,,,20250831094741.0,
Merricks,3916,,,,,,,,,,,,,,20250715155624.0,,
Merrigum,3618,,,,,,,,,20240226214531.0,,,,,,,
Merrimu,3340,,,,,,,,,,,20240810112834.0,,,,20250805053707.0,
Metung,3904,,,,,,,,,,,,,,20250513191813.0,,
Mickleham,3064,,,,,,,,,,,,,20250201114320.0,,,
Middle Park,3206,,,,,,,,,,20240719152605.0,,,,20250613174717.0,,
Middle Tarwin,3956,,,,,,,,,,,,,20250217042822.0,,,
Miepoll,3666,,,,,,,,,20240415213852.0,,,,,,,
Miga Lake,3409,,,,,,,,,,,,,,20250715081229.0,,
Milawa,3678,,,,,,,,,20240226220009.0,,,,20250208195812.0,,,
Mildura,3500,,20220527024955.0,,,,,,,,,,20241208062417.0,,,,
Mill Park,3082,,20220519064917.0,,,,,,,,,,,,20250715195501.0,,
Miners Rest,3352,,,,,,,,,,20240524194357.0,,,,20250516144232.0,,
Mirboo North,3871,,20220625041737.0,,,,,,,,,,,,,,
Mitcham,3132,,,,,,,,,,,,20250123012759.0,,,,
Mitre,3409,,,,,,,,,,,,,,20250519201624.0,,
Mitta Mitta,3701,,,,,,,,,,,,,,20250616130913.0,,
Mockinya,3401,,,,,,,,,,,,,20250319123210.0,,,
Moe,3825,,20220630130854.0,,,,,,,,,,,,,,
Moe South,3825,,,,,,,,,,,,,,20250712092939.0,,
Mont Albert,3127,,,,,,,,,,,,,,,,
Mont Albert North,3129,,,20220819053423.0,,,,,,,,,,20250410185602.0,,,
Montmorency,3094,,20220524125944.0,,,,,,,,,,,,,,
Montrose,3765,,20220520234047.0,,,,,,,,,,,,,,
Moonee Ponds,3039,,20220625044957.0,,,,,,,20240425013120.0,,,,20250209175247.0,20250703130031.0,,
Moorabbin,3189,,,20220818072046.0,,,,,,,,,20250121052138.0,,,,
Mooralla,3314,,,,,,,,,,,20241003235613.0,,,,,
Moorooduc,3933,,,,,,,,,,20240619013237.0,,,,20250717040842.0,,
Mooroopna,3629,,,,,,,,,20240419152456.0,,,,,20250720003749.0,,
Mordialloc,3195,,,,,,,,,,,20240803171957.0,20241112032408.0,,20250725082204.0,,
Mornington,3931,,20220625133335.0,,,,,,,,,,20250122172835.0,20250306023828.0,,,
Mount Buffalo,3740,,,,,,,,,,,,,,20250522200200.0,,
Mount Bute,3324,,,,,,,,,,,,,,20250717024721.0,,
Mount Cameron,3370,,,,,,,,,,,,,,20250513154139.0,,
Mount Clear,3350,,,,,,,,,,20240620124638.0,,,,20250512094856.0,,
Mount Eccles,3953,,,,,,,,,,,,,,20250522161935.0,,
Mount Eliza,3930,,,,,,,,,,,,20241212223124.0,,,,
Mount Evelyn,3796,,,,,,,,,20240413101346.0,,,,,20250621181220.0,,
Mount Macedon,3441,,,,,,,,,20240226104133.0,,,,,,,
Mount Martha,3934,,,20220810091310.0,,,,,,,,,,,,,
Mount Pleasant,3350,,,,,,,,,,,,,,20250620231110.0,,
Mount Rowan,3352,,,,,,,,,,20240618015320.0,,,,,,
Mount Waverley,3149,,,,,,,,,,,,,20250210003943.0,,,
Mudgegonga,3737,,,,,,,,,,,,,,20250516075615.0,,
Mulgrave,3170,,20220705193414.0,,,,,,,,,20240809161213.0,,20250429085817.0,20250616081618.0,,
Mumbannar,3304,,,,,,,,,20240227191051.0,,,,,,,
Murchison,3610,,20220705004529.0,,,,,,,,,,,,,,
Murmungee,3747,,,,,,,,,,,20240809024118.0,,,,,
Murrawee,3586,,,,,,,,,20240224070857.0,,,,,,,
Nangiloc,3494,,,,,,,,,,,,,,20250622125113.0,,
Nar Nar Goon North,3812,,,,,,,,,,,,,,,,
Nareen,3315,,,,,,,,,,,,,,20250515063137.0,,
Naringal,3277,,,,,,,,,,,,,20250215062019.0,,,
Narre Warren,3805,,20220703052330.0,,,,,,,,,20240807024731.0,,,20250719120804.0,,
Narre Warren East,3804,,,,,,,,,20240304075542.0,,,,,,,
Narre Warren North,3804,,,,,,,,,,,,,,20250515134107.0,,
Narre Warren South,3805,,,,,,,,,,20240528200715.0,,,20250219115814.0,,,
Natimuk,3409,,,,,,,,,,,20240807161741.0,,,,,
Navigators,3352,,,,,,,,,,,20240808071224.0,,,,,
Neerim South,3831,,,,,,,,,,,,,,20250720134117.0,,
Nerrena,3953,,,,,,,,,,,,,20250427080207.0,,,
Newborough,3825,,,,,,,,,,,,,20250217082211.0,,,
Newlands Arm,3875,,20220516230704.0,,,,,,,,,,,20250321074336.0,,,
Newmerella,3886,,,,,,,,,,20240719120750.0,,,,20250517215817.0,,
Newport,3015,,20220526151345.0,,,,,,,,20240716071306.0,,,,20250618124750.0,,
Newtown,3220,,,,,,,,,,,,,,20250706041634.0,,
Newtown,3351,,,,,,,,,,,,20250122044143.0,,,,
Nicholson,3882,,,,,,,,,20240302201247.0,,,,20250326220625.0,,,
Nilma,3821,,,,,,,,,,,20240804232650.0,,,20250715095809.0,,
Noble Park,3174,,20220522173541.0,,,,,,,,,,,,,20250802055828.0,
Noorat East,3265,,,,,,,,,,,,20241214204652.0,,,,
Noradjuha,3409,,,,,,,,,,,,,20250327065119.0,,,
Norlane,3214,,20220523145205.0,,,,,,,,,,,,,,
North Geelong,3215,,,,,,,,,,20240518165748.0,,,20250426020826.0,,,
North Melbourne,3051,,,,,,,,,20240226110116.0,20240604213516.0,,,20250207091135.0,20250514014827.0,,
North Wangaratta,3678,,,,,,,,,,,20241003224821.0,,,,,
Northcote,3070,,20220628183152.0,,,,,,,,,,,,,,
Notting Hill,3168,,,,,,,,,,20240527012255.0,,,20250219031020.0,,,
Nowa Nowa,3887,,,,,,,,,,,,20241112235250.0,,,,
Nug Nug,3737,,,,,,,,,20240221050000.0,,,,,,,
Numurkah,3636,,,,,,,,,,,,,,20250720040117.0,,
Nunawading,3131,,,20220811110753.0,,,,,,,,,,,,,
Nurcoung,3401,,,,,,,,,20240226195523.0,,,20250113090850.0,,,,
Nurrabiel,3401,,,,,,,,,,,,20250117021737.0,,,,
Oak Park,3046,,,,,,,,,,,20241004165522.0,,,,,
Oakleigh,3166,,20220524144609.0,,,,,,,,20240616235419.0,,,20250307003542.0,,,
Oakleigh East,3166,,,,,,,,,,,,,20250217180550.0,,,
Oakleigh South,3167,,,,,,,,,,,20241006070515.0,,,,,
Olinda,3788,,,,,,,,,,,,,20250420052846.0,,,
Ondit,3249,,,,,,,,,,,,,,,,
Orrvale,3631,,,,,,,,,,,20240913221309.0,,,,,
Pakenham,3810,,20220520121809.0,,,,,,,,,,,20250210205751.0,,,
Pakenham Upper,3810,,,,,,,,,,20240521044811.0,,,,20250711125919.0,,
Panmure,3265,,,,,,,,,,,,20250124131630.0,,,,
Parkdale,3195,,20220523151831.0,,,,,,,,,,,,,,
Parkville,3052,,,20220816232009.0,,,,,,,,,,20250317160302.0,,,
Parwan,3340,,,,,,,,,,,20240910182513.0,,,,,
Paschendale,3315,,,,,,,,,20240304071152.0,,,,,,,
Pascoe Vale,3044,,20220702195858.0,,,,,,,,,,,20250228035128.0,,,
Patho,3564,,,,,,,,,,20240518011108.0,,,,,,
Patterson Lakes,3197,,,,,,,,,,20240517234927.0,,,,20250712184924.0,,
Paynesville,3880,,20220521062240.0,,,,,,,,20240724093729.0,,,,20250623040657.0,,
Pearcedale,3912,,,,,,,,,,20240612141612.0,,,,20250618201939.0,,
Pearsondale,3851,,,,,,,,,,,,,,,20250812055537.0,
Peronne,3413,,,,,,,,,,,,,,,20250812092429.0,
Peterborough,3270,,,,,,,,20231203042502.0,,,,20241206045456.0,,,,
Pioneer Bay,3984,,20220528074800.0,,,,,,,,,20241012033344.0,,,,20250809161200.0,
Point Cook,3030,,,,,,,,,,,,,20250404011117.0,20250711033339.0,,
Point Lonsdale,3225,,,,,,,,,,,,,20250214212353.0,,,
Porepunkah,3740,,,,,,,,,,,,,20250212001128.0,,,
Port Campbell,3269,,20220521084830.0,,,,,,,,,,,,,,
Port Fairy,3284,,20220629195428.0,,,,,,,,,20240813063441.0,,,,,
Port Melbourne,3207,,,20220818082610.0,,,,,,,,,20250121224957.0,,,,
Portarlington,3223,,20220523092555.0,,,,,,,,,,,,,,
Portland,3305,,20220521034717.0,,,,,,,,,,,,,,
Prahran,3181,,,20220808223007.0,,,,,,,,,,20250316063147.0,20250624031821.0,20250905054958.0,
Preston,3072,,20220625023723.0,,,,,,,,,20240911205841.0,,,,20250813233817.0,
Preston South,3072,,,,,,,,,,,20240812104147.0,,,,,
Preston West,3072,,,,,,,,,,,,,20250428101427.0,,,
Purnim,3278,,,,,,,,,,,,,20250215065828.0,,,
Queenscliff,3225,,,,,,,,,,,,20250126113239.0,,,,
Ravenhall,3023,,20220525064622.0,,,,,,,,20240527185346.0,,,20250408073536.0,20250625021655.0,,
Red Cliffs,3496,,,,,,,,,,,,20241208222135.0,,,,
Red Hill,3937,,,,,,,,,,20240522053642.0,,,20250427013018.0,,,
Red Hill South,3937,,,,,,,,,,20240624092438.0,,,,20250625075030.0,,
Redan,3350,,,,,,,,,,20240522084600.0,,,,20250621212412.0,,
Redcastle,3523,,,,,,,,,,,,,,,,
Regent West,3072,,,,,,,,,,,,,,20250716025627.0,,
Reservoir,3073,,,,,,,,,,20240715120129.0,,,,20250519214036.0,,
Richmond,3121,,20220525231626.0,,,,,,,,20240723062105.0,,,20250320235656.0,20250701041510.0,,
Ringwood,3134,,20220525080521.0,,,,,,20231208071325.0,,,20240912201217.0,,,,,
Ripponlea,3185,,,,,,,,,,,,20250123082704.0,,,,
Rockbank,3335,,20220516211900.0,,,,,,,,,,,,20250618142238.0,,
Rosanna,3084,,,,,,,,,,,,,,20250515073458.0,,
Rosebud,3939,,20220628183228.0,,,,,,,,,,,20250215004338.0,,,
Rowville,3178,,,,,20230323045402.0,,,,,,,20241208012258.0,,,,
Ruffy,3666,,,,,,,,,,,,,20250319115826.0,,,
Running Creek,3691,,,,,,,,,,,,,,20250519210440.0,,
Rushworth,3612,,,,,,,,,,,,,,20250619003829.0,,
Rutherglen,3685,,,,,,,,,,,,,,,20250810043753.0,
Safety Beach,3936,,,20220812190717.0,,,,,,,,,,20250324071939.0,,,
Sale,3850,,,,,,20230524201811.0,,,,,,,,,,
Sandringham,3191,,20220703015930.0,,,,,,,,,20240910195935.0,20250121035309.0,,,,
Sarsfield,3875,,,,,,,,,,20240529090714.0,,,,,,
Sassafras,3787,,,,,,,,,,,,20250115124024.0,,,,
Scarsdale,3351,,,,,,,,,20240224232151.0,,,,,,,
Scoresby,3179,,20220526085907.0,,,,,,,,,,,,,,
Scotsburn,3352,,,,,,,,,,,,,,20250622142316.0,,
Scotts Creek,3267,,,,,,,,,,,,,,20250709220016.0,,
Seaford,3198,,,,,,,,,,,,,20250208042316.0,,,
Seaholme,3018,,,,,,,,,,,,,,,20250826003734.0,
Seaspray,3851,,,20220818052723.0,,,,,,,,,,,,,
Seville,3139,,,,,,,,,,,,,,,20250813013117.0,
She Oaks,3331,,,,,,,,,,20240622041044.0,,,,20250708192925.0,,
Shepparton,3630,,,,,,,,,20240302133739.0,,,20241112061724.0,20250301000117.0,20250726092747.0,,
Shepparton East,3631,,,,,,,,,,20240527223252.0,,,,,,
Shoreham,3916,,,,,,,,,,,,20241203074712.0,,,,
Simpson,3266,,,,,,,,,,20240530223336.0,,,20250415071339.0,20250711162855.0,,
Skibo,3260,,,,,,,,,,,,,20250320171231.0,,,
Skye,3977,,,,,,,,,,,,20250113023245.0,,,,
Smeaton,3364,,,,,,,,,,,,20250117020657.0,,,,
Smoko,3741,,,,,,,,,20240227213118.0,,,,20250417215055.0,,,
Smythes Creek,3351,,,,,,,,,,20240529074725.0,,,,20250612150332.0,,
Snake Valley,3351,,,,,,,,,,20240527221410.0,,,,,,
Soldiers Hill,3350,,,,,,,,,,20240622153242.0,,,20250418100926.0,,,
Somerville,3912,,,,,,,,,,,20240908103645.0,20250121035306.0,,20250621181502.0,,
Sorrento,3943,,,,,,,,,,,,,20250424162745.0,,,
South Dudley,3995,,,,,,,,,,,20240813150446.0,,,,20250805231513.0,
South Geelong,3220,,,,,,,,,,,,,,20250706041634.0,,
South Kingsville,3015,,20220520230619.0,,,,,,,,,,,,,,
South Melbourne,3205,,20220629025219.0,,,,,,,20240227124024.0,,,20250115080859.0,20250317033012.0,20250724055031.0,,
South Morang,3752,,20220521225321.0,,,,,,,,20240717144545.0,20240919095952.0,,,,,
South Yarra,3141,,20220525185106.0,,,,,,,,,,20250114153241.0,20250321000853.0,20250718201111.0,,
Southbank,3006,,20220629090916.0,,,,20230509082522.0,,,,,,,20250420185517.0,,,
Spotswood,3015,,20220521162153.0,,,,,,,,,20241015101814.0,,20250422103432.0,,,
Springhurst,3682,,,,,,,,,20240226195046.0,,,,,,,
Springvale,3171,,,,,,,,,,20240518010921.0,,,20250217061711.0,,20250804231519.0,
St Albans,3021,,,20220818143011.0,,,,,,,,,20250116132923.0,,,,
St Helena,3088,,,,,,,,,,20240520225457.0,,,,,,
St Kilda,3182,,,,,,,,,,20240520032654.0,,,20250327180851.0,20250518083659.0,20250908054248.0,
St Kilda East,3183,,,,,,,,20231202221558.0,,,,20241106120827.0,,,20250905115951.0,
St Kilda West,3182,,20220625101955.0,,,,,,,,,,,20250216180527.0,,,
Stavely,3379,,,,,,,,,,,,,20250419060238.0,,,
Steels Creek,3775,,,,,,,,,,,20240908022958.0,,,,,
Stony Creek,3371,,,,,,,,,,,,,,20250522203007.0,,
Stony Creek,3957,,,,,,,,,,,,,20250424134731.0,,,
Stratford,3862,,,,,,,,,,,20240921023256.0,,,,,
Strathfieldsaye,3551,,,,,,,,,,,,20250110081337.0,,,,
Strathlea,3364,,,,,,,,,,,,,,20250616200159.0,,
Strathmore,3041,,,,,,,,,,,20240813153639.0,,20250427024602.0,,,
Strathmore Heights,3041,,,,,,,,,,20240619033545.0,,,,20250708050010.0,,
Sulky,3352,,,20220818101702.0,,,,,,,,,,,,,
Sunbury,3429,,20220625102149.0,,,,,,,,,20240918173957.0,,20250201115324.0,,,
Sunshine,3020,,,,,,,,,,,,,20250215162159.0,20250713082457.0,20250811034711.0,
Sunshine North,3020,,,,,,,,,,,,20241228033130.0,20250218053421.0,,,
Surrey Hills,3127,,,,,,,,,,20240521104722.0,,,20250415120752.0,20250524164242.0,,
Swan Bay,3225,,,,,,,,,,,,,20250426174343.0,,,
Swan Hill,3585,,,,,,,,,,,,,,20250720005623.0,,
Sydenham,3037,,,,,,,,,,,20240808005843.0,,,20250623124703.0,,
Tahara Bridge,3315,,,,,,,,,,,,,20250322145223.0,,,
Talgarno,3691,,,,,,,,,20240302174533.0,,,,20250425131503.0,,,
Tallandoon,3701,,,,,,,,,,,,,,20250612164720.0,,
Tallangatta,3700,,,,,,,,,,,,,,20250622141759.0,,
Tallangatta South,3701,,,,,,,,,,,,,,20250708045627.0,,
Tamleugh,3669,,,,,,,,,,20240723144259.0,,,,,20250809220544.0,
Tamleugh North,3669,,,,,,,,,,,20240806133624.0,,,,,
Tandarook,3260,,,,,,,,,,,20241010162443.0,,,,,
Tangambalanga,3691,,,,,,,,,,,20240814070723.0,,,,20250810073035.0,
Tarneit,3029,,20220629190413.0,,,,,,,,,,20241201202235.0,,,,
Tarraville,3971,,,,,,,,,20240419150056.0,,,,,,,
Tarrawingee,3678,,,,,,,,,,,,,20250318144215.0,,,
Tarrington,3301,,,,,,,,,,,,,20250317174541.0,,,
Tarwin Lower,3956,,,,,,,,,,,,,,,20250812095945.0,
Tawonga,3697,,,,,,,,,20240224224334.0,,,,,,,
Taylors Hill,3037,,20220701210028.0,,,,,,,,,,,,,,
Taylors Lakes,3038,,,,,,,,,,,20241015122233.0,,,20250716115641.0,,
Tecoma,3160,,20220517013133.0,,,,,,,,,,,,,,
Telangatuk East,3401,,,,,,,,,,,,,20250321041701.0,,,
Templestowe Lower,3107,,20220628084813.0,,,,,,,,,,20241105123337.0,,,,
The Honeysuckles,3851,,,,,,,,,,,,20250114001407.0,,,,
Thomastown,3074,,20220626053434.0,,,,,,,,20240723182556.0,,,20250423182637.0,,,
Thornbury,3071,,20220516164039.0,,,,,,,,,,20250115225610.0,,,20250901230117.0,
Tooan,3409,,,,,,,,,,,,,20250324140100.0,,,
Toolondo,3401,,,,,,,,,,,,,20250216210651.0,,,
Toorak,3142,,20220705011212.0,,,,,,,20240425084401.0,,,,20250424174232.0,20250520171527.0,20250813110528.0,
Tootgarook,3941,,,,,,,,,20240302195322.0,,,,,20250710205316.0,,
Torquay,3228,,20220523155415.0,,,,,,,,,,,,,,
Torrumbarry,3562,,,,,,,,,20240423004102.0,,,,,,20250806045852.0,
Tourello,3363,,,,,,,,,,,,,,20250522171459.0,,
Trafalgar East,3824,,,,,,,,,,,,,20250323112655.0,,,
Traralgon,3844,,20220627214637.0,,,,,,,,,,,,,,
Traralgon East,3844,,,,,,,,,,,,,,20250612153154.0,,
Travancore,3032,,,,,,,,,20240221052109.0,,,,20250418234507.0,,,
Trentham,3458,,,20220819061027.0,,,,,,,,,,,,,
Truganina,3029,,20220518012557.0,,,20230323035139.0,,,,20240303032902.0,,,,20250219061211.0,,,
Tubbut,3888,,,,,,,,,20240304104241.0,,,,20250423042813.0,,,
Tullamarine,3043,,20220526205842.0,,,,,,,20240222080117.0,,,20241207212324.0,20250219230211.0,20250724055021.0,,
Ullina,3370,,,,,,,,,,,,,20250316095522.0,,,
Ulupna,3641,,,,,,,,,,,,,,20250713023946.0,,
Upper Ferntree Gully,3156,,,,,,,,,,20240518203816.0,,,20250319003522.0,,,
Vectis,3401,,,,,,,,,,,,,,20250710111037.0,,
Vermont,3133,,,20220813122635.0,,,,,,,,,,20250325123849.0,,,
Vermont South,3133,,,,,,,,,,,,20241110044150.0,,,,
Victoria Point,3294,,,,,,,,,,,,20241204003203.0,,,,
Victoria Valley,3294,,,,,,,,,,,,20250125025633.0,,,,
Viewbank,3084,,20220526080305.0,,,,,,,,,,,,,,
Violet Town,3669,,20220704150136.0,,,,,,,,,,,,,,
Vite Vite,3325,,,,,,,,,20240226020316.0,,,,,,,
Wairewa,3887,,,,,,,,,,,,,,20250716025434.0,,
Walmer,3463,,,,,,,,,,,,,,20250619101617.0,,
Wandiligong,3744,,,,,,,,,,,,,20250214061058.0,,,
Wandin North,3139,,,,,,,,,,20240715235603.0,,,,,20250806153828.0,
Wangaratta,3677,,,,,,,,,,,,,20250220114640.0,,,
Wannon,3301,,,,,,,,,,,20241012162711.0,,,,,
Wantirna,3152,,,20220816071332.0,,,,,,,,,,,,,
Wantirna South,3152,,20220517105332.0,,,,,,,,,,,,20250524221149.0,,
Warracknabeal,3393,,,,,,,,,,,,,,20250715203011.0,,
Warragul,3820,,,,,,,,,,20240612223619.0,,,,20250707075743.0,,
Warrandyte,3113,,,,,,,,,20240422153612.0,,,,,20250711092310.0,,
Warrnambool,3280,,,20220815165638.0,,,,,,,,,,,,20250818002650.0,
Watchem West,3482,,,20220923133017.0,,,,,,,,,,,,,
Waterways,3195,,,,,,,,,,,20240805121742.0,,,20250621230756.0,,
Weeaproinah,3237,,,,,,,,,20240222205204.0,,,,,,,
Wendouree,3355,,20220629042525.0,,,,,,,,,,,,,,
Werona,3364,,,,,,,,,,,,,20250316092836.0,,,
Werribee South,3030,,,,,,,,,,,20240815094306.0,,,20250619100230.0,,
West Footscray,3012,,20220520194126.0,,,,,,,,,,20241212223543.0,,20250625113049.0,,
West Melbourne,3003,,,,,,,,,20240303145025.0,,,,20250404230141.0,,,
West Wodonga,3690,,,,,,,,20231207201749.0,,,,,20250322091758.0,,,
Westmeadows,3049,,,,,,,,,,20240715194748.0,,,,20250524181949.0,,
Wheelers Hill,3150,,20220625105750.0,,,,,,,,,,20241213090908.0,,,,
White Hills,3550,,,,,,,,,20240415184424.0,,,,20250418070718.0,,,
Whitelaw,3950,,,,,,,,,,,20240919234857.0,,,,,
Whorouly South,3735,,,,,,,,,,,,,,20250713022122.0,,
Wildwood,3429,,,,,,,,,,,20240804183324.0,,,,,
Willaura,3379,,,,,,,,,,,,,,,,
Williams Landing,3027,,,,,20230324065413.0,,,,,,,,,,,
Willung South,3847,,,,,,,,,,,,,,20250612164854.0,,
Windsor,3181,,20220625012520.0,,,,,,,,,,,20250319222453.0,20250720054935.0,20250904081253.0,
Wodonga,3690,,20220704235725.0,,,,,,20231217020703.0,20240422090358.0,,,,20250218152508.0,,20250909124815.0,
Wollert,3750,,,20220812030736.0,,,,,,,,,,,,,
Wonga Park,3115,,,,,,,,,,,,20250113224944.0,,,,
Wonthaggi,3995,,,,,,,,,,20240622201838.0,,,,20250622220630.0,,
Wonwondah,3401,,,,,,,,,,,,,20250322032824.0,,,
Woodend,3442,,,,,,,,,,20240613000223.0,,,20250419202845.0,20250626062249.0,,
Woodstock,3751,,,,,,,,,20240302074356.0,,,,20250325033800.0,,,
Wootong Vale,3315,,,,,,,,,,,,20241210083020.0,,,,
Wuk Wuk,3875,,,,,,,,,,,,,,20250713020642.0,,
Wyndham Vale,3024,,,,,,,,,,,,,,20250615081250.0,,
Yallourn,3825,,,,,,,,,,,,,,20250710115134.0,,
Yalmy,3885,,,,,,,,,,,,,,20250717164332.0,,
Yandoit Hills,3461,,,,,,,,,,,,,20250425230335.0,,,
Yarragon,3823,,,,,,,,,,20240720042741.0,,,,20250623230200.0,,
Yarraville,3013,,,,,,,,,,,,,20250212211413.0,,,
Yarrawonga,3730,,20220519194915.0,,,,,,,,,,,,,,
Yelta,3505,,,,,,,,,,,,,20250425211055.0,,,
